timestamp,left_x,left_y,right_x,right_y,left_validity,right_validity
1698316686020,nan,nan,nan,nan,0,0
1698316686093,nan,nan,nan,nan,0,0
1698316686139,nan,nan,nan,nan,0,0
1698316686182,nan,nan,nan,nan,0,0
1698316686227,nan,nan,nan,nan,0,0
1698316686270,nan,nan,nan,nan,0,0
1698316686314,nan,nan,nan,nan,0,0
1698316686356,nan,nan,nan,nan,0,0
1698316686399,nan,nan,nan,nan,0,0
1698316686448,nan,nan,nan,nan,0,0
1698316686490,nan,nan,nan,nan,0,0
1698316686532,nan,nan,nan,nan,0,0
1698316686577,nan,nan,nan,nan,0,0
1698316686623,nan,nan,nan,nan,0,0
1698316686671,nan,nan,nan,nan,0,0
1698316686712,nan,nan,nan,nan,0,0
1698316686755,nan,nan,nan,nan,0,0
1698316686799,nan,nan,nan,nan,0,0
1698316686842,nan,nan,nan,nan,0,0
1698316686885,nan,nan,nan,nan,0,0
1698316686929,nan,nan,nan,nan,0,0
1698316686975,nan,nan,nan,nan,0,0
1698316687019,nan,nan,nan,nan,0,0
1698316687064,nan,nan,nan,nan,0,0
1698316687107,nan,nan,nan,nan,0,0
1698316687150,nan,nan,nan,nan,0,0
1698316687195,nan,nan,nan,nan,0,0
1698316687239,nan,nan,nan,nan,0,0
1698316687288,nan,nan,nan,nan,0,0
1698316687338,nan,nan,nan,nan,0,0
1698316687382,nan,nan,nan,nan,0,0
1698316687425,nan,nan,nan,nan,0,0
1698316687470,nan,nan,nan,nan,0,0
1698316687515,nan,nan,nan,nan,0,0
1698316687562,nan,nan,nan,nan,0,0
1698316687607,nan,nan,nan,nan,0,0
1698316687655,nan,nan,nan,nan,0,0
1698316687703,nan,nan,nan,nan,0,0
1698316687749,nan,nan,nan,nan,0,0
1698316687794,nan,nan,nan,nan,0,0
1698316687844,nan,nan,nan,nan,0,0
1698316687889,nan,nan,nan,nan,0,0
1698316687937,nan,nan,nan,nan,0,0
1698316687982,nan,nan,nan,nan,0,0
1698316688029,nan,nan,nan,nan,0,0
1698316688074,nan,nan,nan,nan,0,0
1698316688118,nan,nan,nan,nan,0,0
1698316688167,nan,nan,nan,nan,0,0
1698316688215,nan,nan,nan,nan,0,0
1698316688262,nan,nan,nan,nan,0,0
1698316688307,nan,nan,nan,nan,0,0
1698316688356,nan,nan,nan,nan,0,0
1698316688400,nan,nan,nan,nan,0,0
1698316688447,nan,nan,nan,nan,0,0
1698316688491,nan,nan,nan,nan,0,0
1698316688537,nan,nan,nan,nan,0,0
1698316688579,nan,nan,nan,nan,0,0
1698316688622,nan,nan,nan,nan,0,0
1698316688664,nan,nan,nan,nan,0,0
1698316688708,nan,nan,nan,nan,0,0
1698316688773,nan,nan,nan,nan,0,0
1698316688819,nan,nan,nan,nan,0,0
1698316688864,nan,nan,nan,nan,0,0
1698316688907,nan,nan,nan,nan,0,0
1698316688954,nan,nan,nan,nan,0,0
1698316688997,nan,nan,nan,nan,0,0
1698316689040,nan,nan,nan,nan,0,0
1698316689082,nan,nan,nan,nan,0,0
1698316689126,nan,nan,nan,nan,0,0
1698316689166,nan,nan,nan,nan,0,0
1698316689208,nan,nan,nan,nan,0,0
1698316689250,nan,nan,nan,nan,0,0
1698316689290,nan,nan,nan,nan,0,0
1698316689331,nan,nan,nan,nan,0,0
1698316689371,nan,nan,nan,nan,0,0
1698316689412,nan,nan,nan,nan,0,0
1698316689452,nan,nan,nan,nan,0,0
1698316689493,nan,nan,nan,nan,0,0
1698316689536,nan,nan,nan,nan,0,0
1698316689576,nan,nan,nan,nan,0,0
1698316689618,nan,nan,nan,nan,0,0
1698316689660,nan,nan,nan,nan,0,0
1698316689700,nan,nan,nan,nan,0,0
1698316689739,nan,nan,nan,nan,0,0
1698316689782,nan,nan,nan,nan,0,0
1698316689822,nan,nan,nan,nan,0,0
1698316689863,nan,nan,nan,nan,0,0
1698316689904,nan,nan,nan,nan,0,0
1698316689944,nan,nan,nan,nan,0,0
1698316689984,nan,nan,nan,nan,0,0
1698316690025,nan,nan,nan,nan,0,0
1698316690068,nan,nan,nan,nan,0,0
1698316690114,nan,nan,nan,nan,0,0
1698316690154,nan,nan,nan,nan,0,0
1698316690196,nan,nan,nan,nan,0,0
1698316690238,nan,nan,nan,nan,0,0
1698316690280,nan,nan,nan,nan,0,0
1698316690324,nan,nan,nan,nan,0,0
1698316690366,nan,nan,nan,nan,0,0
1698316690408,nan,nan,nan,nan,0,0
1698316690451,nan,nan,nan,nan,0,0
1698316690492,nan,nan,nan,nan,0,0
1698316690533,nan,nan,nan,nan,0,0
1698316690575,nan,nan,nan,nan,0,0
1698316690616,nan,nan,nan,nan,0,0
1698316690657,nan,nan,nan,nan,0,0
1698316690699,nan,nan,nan,nan,0,0
1698316690741,nan,nan,nan,nan,0,0
1698316690784,nan,nan,nan,nan,0,0
1698316690830,nan,nan,nan,nan,0,0
1698316690900,nan,nan,nan,nan,0,0
1698316690948,nan,nan,nan,nan,0,0
1698316690997,nan,nan,nan,nan,0,0
1698316691042,nan,nan,nan,nan,0,0
1698316691088,nan,nan,nan,nan,0,0
1698316691133,nan,nan,nan,nan,0,0
1698316691179,nan,nan,nan,nan,0,0
1698316691223,nan,nan,nan,nan,0,0
1698316691270,nan,nan,nan,nan,0,0
1698316691322,nan,nan,nan,nan,0,0
1698316691371,nan,nan,nan,nan,0,0
1698316691418,nan,nan,nan,nan,0,0
1698316691466,nan,nan,nan,nan,0,0
1698316691514,nan,nan,nan,nan,0,0
1698316691560,nan,nan,nan,nan,0,0
1698316691600,nan,nan,nan,nan,0,0
1698316691643,nan,nan,nan,nan,0,0
1698316691684,nan,nan,nan,nan,0,0
1698316691727,nan,nan,nan,nan,0,0
1698316691769,nan,nan,nan,nan,0,0
1698316691812,nan,nan,nan,nan,0,0
1698316691853,nan,nan,nan,nan,0,0
1698316691893,nan,nan,nan,nan,0,0
1698316691935,nan,nan,nan,nan,0,0
1698316691975,nan,nan,nan,nan,0,0
1698316692018,nan,nan,nan,nan,0,0
1698316692058,nan,nan,nan,nan,0,0
1698316692094,nan,nan,nan,nan,0,0
1698316692129,nan,nan,nan,nan,0,0
1698316692162,nan,nan,nan,nan,0,0
1698316692194,nan,nan,nan,nan,0,0
1698316692228,nan,nan,nan,nan,0,0
1698316692263,nan,nan,nan,nan,0,0
1698316692300,nan,nan,nan,nan,0,0
1698316692340,nan,nan,nan,nan,0,0
1698316692382,nan,nan,nan,nan,0,0
1698316692432,nan,nan,nan,nan,0,0
1698316692477,nan,nan,nan,nan,0,0
1698316692523,nan,nan,nan,nan,0,0
1698316692567,nan,nan,nan,nan,0,0
1698316692614,nan,nan,nan,nan,0,0
1698316692658,nan,nan,nan,nan,0,0
1698316692702,nan,nan,nan,nan,0,0
1698316692735,nan,nan,nan,nan,0,0
1698316692769,nan,nan,nan,nan,0,0
1698316692811,nan,nan,nan,nan,0,0
1698316692852,nan,nan,nan,nan,0,0
1698316692897,nan,nan,nan,nan,0,0
1698316692946,nan,nan,nan,nan,0,0
1698316692993,nan,nan,nan,nan,0,0
1698316693038,nan,nan,nan,nan,0,0
1698316693080,nan,nan,nan,nan,0,0
1698316693122,nan,nan,nan,nan,0,0
1698316693170,nan,nan,nan,nan,0,0
1698316693217,nan,nan,nan,nan,0,0
1698316693259,nan,nan,nan,nan,0,0
1698316693302,nan,nan,nan,nan,0,0
1698316693346,nan,nan,nan,nan,0,0
1698316693391,nan,nan,nan,nan,0,0
1698316693438,nan,nan,nan,nan,0,0
1698316693485,nan,nan,nan,nan,0,0
1698316693529,nan,nan,nan,nan,0,0
1698316693580,nan,nan,nan,nan,0,0
1698316693625,nan,nan,nan,nan,0,0
1698316693671,nan,nan,nan,nan,0,0
1698316693717,nan,nan,nan,nan,0,0
1698316693763,nan,nan,nan,nan,0,0
1698316693812,nan,nan,nan,nan,0,0
1698316693856,nan,nan,nan,nan,0,0
1698316693899,nan,nan,nan,nan,0,0
1698316693939,nan,nan,nan,nan,0,0
1698316693977,nan,nan,nan,nan,0,0
1698316694013,nan,nan,nan,nan,0,0
1698316694044,nan,nan,nan,nan,0,0
1698316694076,nan,nan,nan,nan,0,0
1698316694107,nan,nan,nan,nan,0,0
1698316694141,nan,nan,nan,nan,0,0
1698316694180,nan,nan,nan,nan,0,0
1698316694220,nan,nan,nan,nan,0,0
1698316694264,nan,nan,nan,nan,0,0
1698316694306,nan,nan,nan,nan,0,0
1698316694348,nan,nan,nan,nan,0,0
1698316694389,nan,nan,nan,nan,0,0
1698316694430,nan,nan,nan,nan,0,0
1698316694472,nan,nan,nan,nan,0,0
1698316694515,nan,nan,nan,nan,0,0
1698316694556,nan,nan,nan,nan,0,0
1698316694601,nan,nan,nan,nan,0,0
1698316694642,nan,nan,nan,nan,0,0
1698316694676,nan,nan,nan,nan,0,0
1698316694710,nan,nan,nan,nan,0,0
1698316694744,nan,nan,nan,nan,0,0
1698316694782,nan,nan,nan,nan,0,0
1698316694825,nan,nan,nan,nan,0,0
1698316694871,nan,nan,nan,nan,0,0
1698316694916,nan,nan,nan,nan,0,0
1698316694959,nan,nan,nan,nan,0,0
1698316695004,nan,nan,nan,nan,0,0
1698316695051,nan,nan,nan,nan,0,0
1698316695096,nan,nan,nan,nan,0,0
1698316695140,nan,nan,nan,nan,0,0
1698316695185,nan,nan,nan,nan,0,0
1698316695233,nan,nan,nan,nan,0,0
1698316695277,nan,nan,nan,nan,0,0
1698316695322,nan,nan,nan,nan,0,0
1698316695366,nan,nan,nan,nan,0,0
1698316695408,nan,nan,nan,nan,0,0
1698316695445,nan,nan,nan,nan,0,0
1698316695482,nan,nan,nan,nan,0,0
1698316695520,nan,nan,nan,nan,0,0
1698316695562,nan,nan,nan,nan,0,0
1698316695606,nan,nan,nan,nan,0,0
1698316695651,nan,nan,nan,nan,0,0
1698316695699,nan,nan,nan,nan,0,0
1698316695743,nan,nan,nan,nan,0,0
1698316695787,nan,nan,nan,nan,0,0
1698316695832,nan,nan,nan,nan,0,0
1698316695876,nan,nan,nan,nan,0,0
1698316695920,nan,nan,nan,nan,0,0
1698316695964,nan,nan,nan,nan,0,0
1698316696008,nan,nan,nan,nan,0,0
1698316696052,nan,nan,nan,nan,0,0
1698316696096,nan,nan,nan,nan,0,0
1698316696138,nan,nan,nan,nan,0,0
1698316696183,nan,nan,nan,nan,0,0
1698316696225,nan,nan,nan,nan,0,0
1698316696267,nan,nan,nan,nan,0,0
1698316696309,nan,nan,nan,nan,0,0
1698316696350,nan,nan,nan,nan,0,0
1698316696390,nan,nan,nan,nan,0,0
1698316696432,nan,nan,nan,nan,0,0
1698316696474,nan,nan,nan,nan,0,0
1698316696518,nan,nan,nan,nan,0,0
1698316696562,nan,nan,nan,nan,0,0
1698316696611,nan,nan,nan,nan,0,0
1698316696655,nan,nan,nan,nan,0,0
1698316696701,nan,nan,nan,nan,0,0
1698316696745,nan,nan,nan,nan,0,0
1698316696785,nan,nan,nan,nan,0,0
1698316696831,nan,nan,nan,nan,0,0
1698316696873,nan,nan,nan,nan,0,0
1698316696913,nan,nan,nan,nan,0,0
1698316696955,nan,nan,nan,nan,0,0
1698316696997,nan,nan,nan,nan,0,0
1698316697039,nan,nan,nan,nan,0,0
1698316697081,nan,nan,nan,nan,0,0
1698316697126,nan,nan,nan,nan,0,0
1698316697171,nan,nan,nan,nan,0,0
1698316697217,nan,nan,nan,nan,0,0
1698316697264,nan,nan,nan,nan,0,0
1698316697309,nan,nan,nan,nan,0,0
1698316697355,nan,nan,nan,nan,0,0
1698316697403,nan,nan,nan,nan,0,0
1698316697450,nan,nan,nan,nan,0,0
1698316697495,nan,nan,nan,nan,0,0
1698316697540,nan,nan,nan,nan,0,0
1698316697587,nan,nan,nan,nan,0,0
1698316697632,nan,nan,nan,nan,0,0
1698316697679,nan,nan,nan,nan,0,0
1698316697724,nan,nan,nan,nan,0,0
1698316697769,nan,nan,nan,nan,0,0
1698316697807,nan,nan,nan,nan,0,0
1698316697839,nan,nan,nan,nan,0,0
1698316697873,nan,nan,nan,nan,0,0
1698316697908,nan,nan,nan,nan,0,0
1698316697943,nan,nan,nan,nan,0,0
1698316697981,nan,nan,nan,nan,0,0
1698316698020,nan,nan,nan,nan,0,0
1698316698062,nan,nan,nan,nan,0,0
1698316698104,nan,nan,nan,nan,0,0
1698316698147,nan,nan,nan,nan,0,0
1698316698190,nan,nan,nan,nan,0,0
1698316698233,nan,nan,nan,nan,0,0
1698316698274,nan,nan,nan,nan,0,0
1698316698317,nan,nan,nan,nan,0,0
1698316698357,nan,nan,nan,nan,0,0
1698316698399,nan,nan,nan,nan,0,0
1698316698440,nan,nan,nan,nan,0,0
1698316698481,nan,nan,nan,nan,0,0
1698316698529,nan,nan,nan,nan,0,0
1698316698573,nan,nan,nan,nan,0,0
1698316698613,nan,nan,nan,nan,0,0
1698316698654,nan,nan,nan,nan,0,0
1698316698696,nan,nan,nan,nan,0,0
1698316698739,nan,nan,nan,nan,0,0
1698316698781,nan,nan,nan,nan,0,0
1698316698824,nan,nan,nan,nan,0,0
1698316698867,nan,nan,nan,nan,0,0
1698316698909,nan,nan,nan,nan,0,0
1698316698951,nan,nan,nan,nan,0,0
1698316698997,nan,nan,nan,nan,0,0
1698316699036,nan,nan,nan,nan,0,0
1698316699070,nan,nan,nan,nan,0,0
1698316699107,nan,nan,nan,nan,0,0
1698316699139,nan,nan,nan,nan,0,0
1698316699172,nan,nan,nan,nan,0,0
1698316699205,nan,nan,nan,nan,0,0
1698316699239,nan,nan,nan,nan,0,0
1698316699280,nan,nan,nan,nan,0,0
1698316699323,nan,nan,nan,nan,0,0
1698316699365,nan,nan,nan,nan,0,0
1698316699414,nan,nan,nan,nan,0,0
1698316699457,nan,nan,nan,nan,0,0
1698316699499,nan,nan,nan,nan,0,0
1698316699545,nan,nan,nan,nan,0,0
1698316699588,nan,nan,nan,nan,0,0
1698316699631,nan,nan,nan,nan,0,0
1698316699675,nan,nan,nan,nan,0,0
1698316699718,nan,nan,nan,nan,0,0
1698316699760,nan,nan,nan,nan,0,0
1698316699802,nan,nan,nan,nan,0,0
1698316699846,nan,nan,nan,nan,0,0
1698316699889,nan,nan,nan,nan,0,0
1698316699935,nan,nan,nan,nan,0,0
1698316699979,nan,nan,nan,nan,0,0
1698316700021,nan,nan,nan,nan,0,0
1698316700064,nan,nan,nan,nan,0,0
1698316700111,nan,nan,nan,nan,0,0
1698316700155,nan,nan,nan,nan,0,0
1698316700201,nan,nan,nan,nan,0,0
1698316700244,nan,nan,nan,nan,0,0
1698316700292,nan,nan,nan,nan,0,0
1698316700340,nan,nan,nan,nan,0,0
1698316700386,nan,nan,nan,nan,0,0
1698316700427,nan,nan,nan,nan,0,0
1698316700463,nan,nan,nan,nan,0,0
1698316700497,nan,nan,nan,nan,0,0
1698316700534,nan,nan,nan,nan,0,0
1698316700577,nan,nan,nan,nan,0,0
1698316700623,nan,nan,nan,nan,0,0
1698316700670,nan,nan,nan,nan,0,0
1698316700717,nan,nan,nan,nan,0,0
1698316700766,nan,nan,nan,nan,0,0
1698316700815,nan,nan,nan,nan,0,0
1698316700867,nan,nan,nan,nan,0,0
1698316700909,nan,nan,nan,nan,0,0
1698316700946,nan,nan,nan,nan,0,0
1698316700985,nan,nan,nan,nan,0,0
1698316701025,nan,nan,nan,nan,0,0
1698316701074,nan,nan,nan,nan,0,0
1698316701118,nan,nan,nan,nan,0,0
1698316701160,nan,nan,nan,nan,0,0
1698316701202,nan,nan,nan,nan,0,0
1698316701245,nan,nan,nan,nan,0,0
1698316701289,nan,nan,nan,nan,0,0
1698316701332,nan,nan,nan,nan,0,0
1698316701377,nan,nan,nan,nan,0,0
1698316701421,nan,nan,nan,nan,0,0
1698316701465,nan,nan,nan,nan,0,0
1698316701509,nan,nan,nan,nan,0,0
1698316701551,nan,nan,nan,nan,0,0
1698316701593,nan,nan,nan,nan,0,0
1698316701634,nan,nan,nan,nan,0,0
1698316701676,nan,nan,nan,nan,0,0
1698316701718,nan,nan,nan,nan,0,0
1698316701761,nan,nan,nan,nan,0,0
1698316701804,nan,nan,nan,nan,0,0
1698316701844,nan,nan,nan,nan,0,0
1698316701886,nan,nan,nan,nan,0,0
1698316701929,nan,nan,nan,nan,0,0
1698316701971,nan,nan,nan,nan,0,0
1698316702014,nan,nan,nan,nan,0,0
1698316702054,nan,nan,nan,nan,0,0
1698316702098,nan,nan,nan,nan,0,0
1698316702141,nan,nan,nan,nan,0,0
1698316702185,nan,nan,nan,nan,0,0
1698316702227,nan,nan,nan,nan,0,0
1698316702271,nan,nan,nan,nan,0,0
1698316702315,nan,nan,nan,nan,0,0
1698316702359,nan,nan,nan,nan,0,0
1698316702404,nan,nan,nan,nan,0,0
1698316702449,nan,nan,nan,nan,0,0
1698316702495,nan,nan,nan,nan,0,0
1698316702543,nan,nan,nan,nan,0,0
1698316702597,nan,nan,nan,nan,0,0
1698316702662,nan,nan,nan,nan,0,0
1698316702730,nan,nan,nan,nan,0,0
1698316702796,nan,nan,nan,nan,0,0
1698316702852,nan,nan,nan,nan,0,0
1698316702894,nan,nan,nan,nan,0,0
1698316702932,nan,nan,nan,nan,0,0
1698316702973,nan,nan,nan,nan,0,0
1698316703017,nan,nan,nan,nan,0,0
1698316703065,nan,nan,nan,nan,0,0
1698316703117,nan,nan,nan,nan,0,0
1698316703167,nan,nan,nan,nan,0,0
1698316703219,nan,nan,nan,nan,0,0
1698316703269,nan,nan,nan,nan,0,0
1698316703316,nan,nan,nan,nan,0,0
1698316703362,nan,nan,nan,nan,0,0
1698316703407,nan,nan,nan,nan,0,0
1698316703451,nan,nan,nan,nan,0,0
1698316703495,nan,nan,nan,nan,0,0
1698316703540,nan,nan,nan,nan,0,0
1698316703585,nan,nan,nan,nan,0,0
1698316703628,nan,nan,nan,nan,0,0
1698316703667,nan,nan,nan,nan,0,0
1698316703703,nan,nan,nan,nan,0,0
1698316703739,nan,nan,nan,nan,0,0
1698316703774,nan,nan,nan,nan,0,0
1698316703813,nan,nan,nan,nan,0,0
1698316703855,nan,nan,nan,nan,0,0
1698316703903,nan,nan,nan,nan,0,0
1698316703947,nan,nan,nan,nan,0,0
1698316703988,nan,nan,nan,nan,0,0
1698316704031,nan,nan,nan,nan,0,0
1698316704074,nan,nan,nan,nan,0,0
1698316704117,nan,nan,nan,nan,0,0
1698316704159,nan,nan,nan,nan,0,0
1698316704202,nan,nan,nan,nan,0,0
1698316704245,nan,nan,nan,nan,0,0
1698316704287,nan,nan,nan,nan,0,0
1698316704329,nan,nan,nan,nan,0,0
1698316704373,nan,nan,nan,nan,0,0
1698316704417,nan,nan,nan,nan,0,0
1698316704460,nan,nan,nan,nan,0,0
1698316704502,nan,nan,nan,nan,0,0
1698316704545,nan,nan,nan,nan,0,0
1698316704587,nan,nan,nan,nan,0,0
1698316704629,nan,nan,nan,nan,0,0
1698316704671,nan,nan,nan,nan,0,0
1698316704715,nan,nan,nan,nan,0,0
1698316704760,nan,nan,nan,nan,0,0
1698316704812,nan,nan,nan,nan,0,0
1698316704856,nan,nan,nan,nan,0,0
1698316704901,nan,nan,nan,nan,0,0
1698316704944,nan,nan,nan,nan,0,0
1698316704991,nan,nan,nan,nan,0,0
1698316705035,nan,nan,nan,nan,0,0
1698316705080,nan,nan,nan,nan,0,0
1698316705126,nan,nan,nan,nan,0,0
1698316705174,nan,nan,nan,nan,0,0
1698316705221,nan,nan,nan,nan,0,0
1698316705268,nan,nan,nan,nan,0,0
1698316705312,nan,nan,nan,nan,0,0
1698316705357,nan,nan,nan,nan,0,0
1698316705402,nan,nan,nan,nan,0,0
1698316705451,nan,nan,nan,nan,0,0
1698316705495,nan,nan,nan,nan,0,0
1698316705540,nan,nan,nan,nan,0,0
1698316705585,nan,nan,nan,nan,0,0
1698316705629,nan,nan,nan,nan,0,0
1698316705672,nan,nan,nan,nan,0,0
1698316705716,nan,nan,nan,nan,0,0
1698316705759,nan,nan,nan,nan,0,0
1698316705803,nan,nan,nan,nan,0,0
1698316705848,nan,nan,nan,nan,0,0
1698316705895,nan,nan,nan,nan,0,0
1698316705943,nan,nan,nan,nan,0,0
1698316705985,nan,nan,nan,nan,0,0
1698316706030,nan,nan,nan,nan,0,0
1698316706075,nan,nan,nan,nan,0,0
1698316706119,nan,nan,nan,nan,0,0
1698316706165,nan,nan,nan,nan,0,0
1698316706208,nan,nan,nan,nan,0,0
1698316706254,nan,nan,nan,nan,0,0
1698316706298,nan,nan,nan,nan,0,0
1698316706346,nan,nan,nan,nan,0,0
1698316706393,nan,nan,nan,nan,0,0
1698316706436,nan,nan,nan,nan,0,0
1698316706481,nan,nan,nan,nan,0,0
1698316706524,nan,nan,nan,nan,0,0
1698316706567,nan,nan,nan,nan,0,0
1698316706611,nan,nan,nan,nan,0,0
1698316706655,nan,nan,nan,nan,0,0
1698316706699,nan,nan,nan,nan,0,0
1698316706742,nan,nan,nan,nan,0,0
1698316706785,nan,nan,nan,nan,0,0
1698316706830,nan,nan,nan,nan,0,0
1698316706872,nan,nan,nan,nan,0,0
1698316706918,nan,nan,nan,nan,0,0
1698316706970,nan,nan,nan,nan,0,0
1698316707016,nan,nan,nan,nan,0,0
1698316707062,nan,nan,nan,nan,0,0
1698316707107,nan,nan,nan,nan,0,0
1698316707154,nan,nan,nan,nan,0,0
1698316707201,nan,nan,nan,nan,0,0
1698316707248,nan,nan,nan,nan,0,0
1698316707294,nan,nan,nan,nan,0,0
1698316707340,nan,nan,nan,nan,0,0
1698316707385,nan,nan,nan,nan,0,0
1698316707430,nan,nan,nan,nan,0,0
1698316707472,nan,nan,nan,nan,0,0
1698316707515,nan,nan,nan,nan,0,0
1698316707558,nan,nan,nan,nan,0,0
1698316707603,nan,nan,nan,nan,0,0
1698316707649,nan,nan,nan,nan,0,0
1698316707691,nan,nan,nan,nan,0,0
1698316707741,nan,nan,nan,nan,0,0
1698316707787,nan,nan,nan,nan,0,0
1698316707827,nan,nan,nan,nan,0,0
1698316707864,nan,nan,nan,nan,0,0
1698316707900,nan,nan,nan,nan,0,0
1698316707939,nan,nan,nan,nan,0,0
1698316707984,nan,nan,nan,nan,0,0
1698316708029,nan,nan,nan,nan,0,0
1698316708075,nan,nan,nan,nan,0,0
1698316708118,nan,nan,nan,nan,0,0
1698316708163,nan,nan,nan,nan,0,0
1698316708206,nan,nan,nan,nan,0,0
1698316708250,nan,nan,nan,nan,0,0
1698316708294,nan,nan,nan,nan,0,0
1698316708337,nan,nan,nan,nan,0,0
1698316708384,nan,nan,nan,nan,0,0
1698316708434,nan,nan,nan,nan,0,0
1698316708481,nan,nan,nan,nan,0,0
1698316708526,nan,nan,nan,nan,0,0
1698316708570,nan,nan,nan,nan,0,0
1698316708615,nan,nan,nan,nan,0,0
1698316708659,nan,nan,nan,nan,0,0
1698316708701,nan,nan,nan,nan,0,0
1698316708742,nan,nan,nan,nan,0,0
1698316708782,nan,nan,nan,nan,0,0
1698316708825,nan,nan,nan,nan,0,0
1698316708865,nan,nan,nan,nan,0,0
1698316708906,nan,nan,nan,nan,0,0
1698316708952,nan,nan,nan,nan,0,0
1698316708993,nan,nan,nan,nan,0,0
1698316709035,nan,nan,nan,nan,0,0
1698316709075,nan,nan,nan,nan,0,0
1698316709115,nan,nan,nan,nan,0,0
1698316709155,nan,nan,nan,nan,0,0
1698316709196,nan,nan,nan,nan,0,0
1698316709235,nan,nan,nan,nan,0,0
1698316709274,nan,nan,nan,nan,0,0
1698316709317,nan,nan,nan,nan,0,0
1698316709363,nan,nan,nan,nan,0,0
1698316709406,nan,nan,nan,nan,0,0
1698316709452,nan,nan,nan,nan,0,0
1698316709496,nan,nan,nan,nan,0,0
1698316709540,nan,nan,nan,nan,0,0
1698316709583,nan,nan,nan,nan,0,0
1698316709627,nan,nan,nan,nan,0,0
1698316709669,nan,nan,nan,nan,0,0
1698316709711,nan,nan,nan,nan,0,0
1698316709752,nan,nan,nan,nan,0,0
1698316709795,nan,nan,nan,nan,0,0
1698316709837,nan,nan,nan,nan,0,0
1698316709881,nan,nan,nan,nan,0,0
1698316709925,nan,nan,nan,nan,0,0
1698316709967,nan,nan,nan,nan,0,0
1698316710010,nan,nan,nan,nan,0,0
1698316710052,nan,nan,nan,nan,0,0
1698316710096,nan,nan,nan,nan,0,0
1698316710140,nan,nan,nan,nan,0,0
1698316710185,nan,nan,nan,nan,0,0
1698316710229,nan,nan,nan,nan,0,0
1698316710273,nan,nan,nan,nan,0,0
1698316710319,nan,nan,nan,nan,0,0
1698316710361,nan,nan,nan,nan,0,0
1698316710400,nan,nan,nan,nan,0,0
1698316710443,nan,nan,nan,nan,0,0
1698316710486,nan,nan,nan,nan,0,0
1698316710532,nan,nan,nan,nan,0,0
1698316710577,nan,nan,nan,nan,0,0
1698316710623,nan,nan,nan,nan,0,0
1698316710669,nan,nan,nan,nan,0,0
1698316710714,nan,nan,nan,nan,0,0
1698316710759,nan,nan,nan,nan,0,0
1698316710809,nan,nan,nan,nan,0,0
1698316710855,nan,nan,nan,nan,0,0
1698316710902,nan,nan,nan,nan,0,0
1698316710947,nan,nan,nan,nan,0,0
1698316710990,nan,nan,nan,nan,0,0
1698316711033,nan,nan,nan,nan,0,0
1698316711077,nan,nan,nan,nan,0,0
1698316711117,nan,nan,nan,nan,0,0
1698316711158,nan,nan,nan,nan,0,0
1698316711199,nan,nan,nan,nan,0,0
1698316711240,nan,nan,nan,nan,0,0
1698316711283,nan,nan,nan,nan,0,0
1698316711323,nan,nan,nan,nan,0,0
1698316711366,nan,nan,nan,nan,0,0
1698316711408,nan,nan,nan,nan,0,0
1698316711450,nan,nan,nan,nan,0,0
1698316711492,nan,nan,nan,nan,0,0
1698316711532,nan,nan,nan,nan,0,0
1698316711576,nan,nan,nan,nan,0,0
1698316711617,nan,nan,nan,nan,0,0
1698316711659,nan,nan,nan,nan,0,0
1698316711705,nan,nan,nan,nan,0,0
1698316711751,nan,nan,nan,nan,0,0
1698316711797,nan,nan,nan,nan,0,0
1698316711848,nan,nan,nan,nan,0,0
1698316711899,nan,nan,nan,nan,0,0
1698316711945,nan,nan,nan,nan,0,0
1698316711992,nan,nan,nan,nan,0,0
1698316712040,nan,nan,nan,nan,0,0
1698316712088,nan,nan,nan,nan,0,0
1698316712136,nan,nan,nan,nan,0,0
1698316712189,nan,nan,nan,nan,0,0
1698316712237,nan,nan,nan,nan,0,0
1698316712285,nan,nan,nan,nan,0,0
1698316712335,nan,nan,nan,nan,0,0
1698316712383,nan,nan,nan,nan,0,0
1698316712432,nan,nan,nan,nan,0,0
1698316712480,nan,nan,nan,nan,0,0
1698316712527,nan,nan,nan,nan,0,0
1698316712578,nan,nan,nan,nan,0,0
1698316712623,nan,nan,nan,nan,0,0
1698316712666,nan,nan,nan,nan,0,0
1698316712702,nan,nan,nan,nan,0,0
1698316712739,nan,nan,nan,nan,0,0
1698316712779,nan,nan,nan,nan,0,0
1698316712817,nan,nan,nan,nan,0,0
1698316712858,nan,nan,nan,nan,0,0
1698316712901,nan,nan,nan,nan,0,0
1698316712949,nan,nan,nan,nan,0,0
1698316712996,nan,nan,nan,nan,0,0
1698316713045,nan,nan,nan,nan,0,0
1698316713091,nan,nan,nan,nan,0,0
1698316713135,nan,nan,nan,nan,0,0
1698316713180,nan,nan,nan,nan,0,0
1698316713226,nan,nan,nan,nan,0,0
1698316713269,nan,nan,nan,nan,0,0
1698316713313,nan,nan,nan,nan,0,0
1698316713356,nan,nan,nan,nan,0,0
1698316713399,nan,nan,nan,nan,0,0
1698316713446,nan,nan,nan,nan,0,0
1698316713488,nan,nan,nan,nan,0,0
1698316713529,nan,nan,nan,nan,0,0
1698316713572,nan,nan,nan,nan,0,0
1698316713616,nan,nan,nan,nan,0,0
1698316713660,nan,nan,nan,nan,0,0
1698316713704,nan,nan,nan,nan,0,0
1698316713746,nan,nan,nan,nan,0,0
1698316713789,nan,nan,nan,nan,0,0
1698316713831,nan,nan,nan,nan,0,0
1698316713873,nan,nan,nan,nan,0,0
1698316713916,nan,nan,nan,nan,0,0
1698316713959,nan,nan,nan,nan,0,0
1698316714005,nan,nan,nan,nan,0,0
1698316714047,nan,nan,nan,nan,0,0
1698316714087,nan,nan,nan,nan,0,0
1698316714130,nan,nan,nan,nan,0,0
1698316714171,nan,nan,nan,nan,0,0
1698316714212,nan,nan,nan,nan,0,0
1698316714252,nan,nan,nan,nan,0,0
1698316714293,nan,nan,nan,nan,0,0
1698316714333,nan,nan,nan,nan,0,0
1698316714374,nan,nan,nan,nan,0,0
1698316714414,nan,nan,nan,nan,0,0
1698316714453,nan,nan,nan,nan,0,0
1698316714495,nan,nan,nan,nan,0,0
1698316714535,nan,nan,nan,nan,0,0
1698316714576,nan,nan,nan,nan,0,0
1698316714618,nan,nan,nan,nan,0,0
1698316714662,nan,nan,nan,nan,0,0
1698316714707,nan,nan,nan,nan,0,0
1698316714757,nan,nan,nan,nan,0,0
1698316714803,nan,nan,nan,nan,0,0
1698316714848,nan,nan,nan,nan,0,0
1698316714891,nan,nan,nan,nan,0,0
1698316714936,nan,nan,nan,nan,0,0
1698316714978,nan,nan,nan,nan,0,0
1698316715021,nan,nan,nan,nan,0,0
1698316715064,nan,nan,nan,nan,0,0
1698316715105,nan,nan,nan,nan,0,0
1698316715149,nan,nan,nan,nan,0,0
1698316715191,nan,nan,nan,nan,0,0
1698316715234,nan,nan,nan,nan,0,0
1698316715275,nan,nan,nan,nan,0,0
1698316715317,nan,nan,nan,nan,0,0
1698316715363,nan,nan,nan,nan,0,0
1698316715409,nan,nan,nan,nan,0,0
1698316715449,nan,nan,nan,nan,0,0
1698316715489,nan,nan,nan,nan,0,0
1698316715529,nan,nan,nan,nan,0,0
1698316715568,nan,nan,nan,nan,0,0
1698316715609,nan,nan,nan,nan,0,0
1698316715653,nan,nan,nan,nan,0,0
1698316715695,nan,nan,nan,nan,0,0
1698316715739,nan,nan,nan,nan,0,0
1698316715782,nan,nan,nan,nan,0,0
1698316715826,nan,nan,nan,nan,0,0
1698316715869,nan,nan,nan,nan,0,0
1698316715915,nan,nan,nan,nan,0,0
1698316715959,nan,nan,nan,nan,0,0
1698316716001,nan,nan,nan,nan,0,0
1698316716045,nan,nan,nan,nan,0,0
1698316716087,nan,nan,nan,nan,0,0
1698316716132,nan,nan,nan,nan,0,0
1698316716175,nan,nan,nan,nan,0,0
1698316716215,nan,nan,nan,nan,0,0
1698316716259,nan,nan,nan,nan,0,0
1698316716304,nan,nan,nan,nan,0,0
1698316716346,nan,nan,nan,nan,0,0
1698316716387,nan,nan,nan,nan,0,0
1698316716432,nan,nan,nan,nan,0,0
1698316716478,nan,nan,nan,nan,0,0
1698316716526,nan,nan,nan,nan,0,0
1698316716570,nan,nan,nan,nan,0,0
1698316716615,nan,nan,nan,nan,0,0
1698316716658,nan,nan,nan,nan,0,0
1698316716702,nan,nan,nan,nan,0,0
1698316716748,nan,nan,nan,nan,0,0
1698316716795,nan,nan,nan,nan,0,0
1698316716839,nan,nan,nan,nan,0,0
1698316716887,nan,nan,nan,nan,0,0
1698316716932,nan,nan,nan,nan,0,0
1698316716977,nan,nan,nan,nan,0,0
1698316717021,nan,nan,nan,nan,0,0
1698316717066,nan,nan,nan,nan,0,0
1698316717113,nan,nan,nan,nan,0,0
1698316717158,nan,nan,nan,nan,0,0
1698316717205,nan,nan,nan,nan,0,0
1698316717254,nan,nan,nan,nan,0,0
1698316717300,nan,nan,nan,nan,0,0
1698316717349,nan,nan,nan,nan,0,0
1698316717397,nan,nan,nan,nan,0,0
1698316717443,nan,nan,nan,nan,0,0
1698316717489,nan,nan,nan,nan,0,0
1698316717531,nan,nan,nan,nan,0,0
1698316717568,nan,nan,nan,nan,0,0
1698316717603,nan,nan,nan,nan,0,0
1698316717635,nan,nan,nan,nan,0,0
1698316717672,nan,nan,nan,nan,0,0
1698316717713,nan,nan,nan,nan,0,0
1698316717758,nan,nan,nan,nan,0,0
1698316717805,nan,nan,nan,nan,0,0
1698316717858,nan,nan,nan,nan,0,0
1698316717910,nan,nan,nan,nan,0,0
1698316717961,nan,nan,nan,nan,0,0
1698316718010,nan,nan,nan,nan,0,0
1698316718058,nan,nan,nan,nan,0,0
1698316718107,nan,nan,nan,nan,0,0
1698316718154,nan,nan,nan,nan,0,0
1698316718200,nan,nan,nan,nan,0,0
1698316718246,nan,nan,nan,nan,0,0
1698316718294,nan,nan,nan,nan,0,0
1698316718341,nan,nan,nan,nan,0,0
1698316718385,nan,nan,nan,nan,0,0
1698316718429,nan,nan,nan,nan,0,0
1698316718472,nan,nan,nan,nan,0,0
1698316718516,nan,nan,nan,nan,0,0
1698316718563,nan,nan,nan,nan,0,0
1698316718603,nan,nan,nan,nan,0,0
1698316718639,nan,nan,nan,nan,0,0
1698316718676,nan,nan,nan,nan,0,0
1698316718715,nan,nan,nan,nan,0,0
1698316718756,nan,nan,nan,nan,0,0
1698316718799,nan,nan,nan,nan,0,0
1698316718841,nan,nan,nan,nan,0,0
1698316718885,nan,nan,nan,nan,0,0
1698316718930,nan,nan,nan,nan,0,0
1698316718974,nan,nan,nan,nan,0,0
1698316719020,nan,nan,nan,nan,0,0
1698316719064,nan,nan,nan,nan,0,0
1698316719110,nan,nan,nan,nan,0,0
1698316719157,nan,nan,nan,nan,0,0
1698316719201,nan,nan,nan,nan,0,0
1698316719247,nan,nan,nan,nan,0,0
1698316719294,nan,nan,nan,nan,0,0
1698316719342,nan,nan,nan,nan,0,0
1698316719389,nan,nan,nan,nan,0,0
1698316719435,nan,nan,nan,nan,0,0
1698316719481,nan,nan,nan,nan,0,0
1698316719525,nan,nan,nan,nan,0,0
1698316719566,nan,nan,nan,nan,0,0
1698316719607,nan,nan,nan,nan,0,0
1698316719649,nan,nan,nan,nan,0,0
1698316719694,nan,nan,nan,nan,0,0
1698316719735,nan,nan,nan,nan,0,0
1698316719774,nan,nan,nan,nan,0,0
1698316719815,nan,nan,nan,nan,0,0
1698316719856,nan,nan,nan,nan,0,0
1698316719894,nan,nan,nan,nan,0,0
1698316719934,nan,nan,nan,nan,0,0
1698316719974,nan,nan,nan,nan,0,0
1698316720016,nan,nan,nan,nan,0,0
1698316720057,nan,nan,nan,nan,0,0
1698316720096,nan,nan,nan,nan,0,0
1698316720137,nan,nan,nan,nan,0,0
1698316720184,nan,nan,nan,nan,0,0
1698316720226,nan,nan,nan,nan,0,0
1698316720267,nan,nan,nan,nan,0,0
1698316720309,nan,nan,nan,nan,0,0
1698316720347,nan,nan,nan,nan,0,0
1698316720391,nan,nan,nan,nan,0,0
1698316720434,nan,nan,nan,nan,0,0
1698316720477,nan,nan,nan,nan,0,0
1698316720521,nan,nan,nan,nan,0,0
1698316720565,nan,nan,nan,nan,0,0
1698316720607,nan,nan,nan,nan,0,0
1698316720649,nan,nan,nan,nan,0,0
1698316720693,nan,nan,nan,nan,0,0
1698316720734,nan,nan,nan,nan,0,0
1698316720775,nan,nan,nan,nan,0,0
1698316720817,nan,nan,nan,nan,0,0
1698316720863,nan,nan,nan,nan,0,0
1698316720907,nan,nan,nan,nan,0,0
1698316720949,nan,nan,nan,nan,0,0
1698316720989,nan,nan,nan,nan,0,0
1698316721032,nan,nan,nan,nan,0,0
1698316721074,nan,nan,nan,nan,0,0
1698316721114,nan,nan,nan,nan,0,0
1698316721155,nan,nan,nan,nan,0,0
1698316721198,nan,nan,nan,nan,0,0
1698316721242,nan,nan,nan,nan,0,0
1698316721288,nan,nan,nan,nan,0,0
1698316721334,nan,nan,nan,nan,0,0
1698316721379,nan,nan,nan,nan,0,0
1698316721428,nan,nan,nan,nan,0,0
1698316721475,nan,nan,nan,nan,0,0
1698316721521,nan,nan,nan,nan,0,0
1698316721568,nan,nan,nan,nan,0,0
1698316721611,nan,nan,nan,nan,0,0
1698316721655,nan,nan,nan,nan,0,0
1698316721698,nan,nan,nan,nan,0,0
1698316721739,nan,nan,nan,nan,0,0
1698316721781,nan,nan,nan,nan,0,0
1698316721824,nan,nan,nan,nan,0,0
1698316721864,nan,nan,nan,nan,0,0
1698316721904,nan,nan,nan,nan,0,0
1698316721944,nan,nan,nan,nan,0,0
1698316721983,nan,nan,nan,nan,0,0
1698316722022,nan,nan,nan,nan,0,0
1698316722064,nan,nan,nan,nan,0,0
1698316722103,nan,nan,nan,nan,0,0
1698316722141,nan,nan,nan,nan,0,0
1698316722180,nan,nan,nan,nan,0,0
1698316722217,nan,nan,nan,nan,0,0
1698316722255,nan,nan,nan,nan,0,0
1698316722294,nan,nan,nan,nan,0,0
1698316722333,nan,nan,nan,nan,0,0
1698316722375,nan,nan,nan,nan,0,0
1698316722415,nan,nan,nan,nan,0,0
1698316722458,nan,nan,nan,nan,0,0
1698316722503,nan,nan,nan,nan,0,0
1698316722550,nan,nan,nan,nan,0,0
1698316722594,nan,nan,nan,nan,0,0
1698316722637,nan,nan,nan,nan,0,0
1698316722682,nan,nan,nan,nan,0,0
1698316722726,nan,nan,nan,nan,0,0
1698316722769,nan,nan,nan,nan,0,0
1698316722813,nan,nan,nan,nan,0,0
1698316722856,nan,nan,nan,nan,0,0
1698316722898,nan,nan,nan,nan,0,0
1698316722943,nan,nan,nan,nan,0,0
1698316722987,nan,nan,nan,nan,0,0
1698316723032,nan,nan,nan,nan,0,0
1698316723079,nan,nan,nan,nan,0,0
1698316723124,nan,nan,nan,nan,0,0
1698316723169,nan,nan,nan,nan,0,0
1698316723216,nan,nan,nan,nan,0,0
1698316723260,nan,nan,nan,nan,0,0
1698316723305,nan,nan,nan,nan,0,0
1698316723350,nan,nan,nan,nan,0,0
1698316723398,nan,nan,nan,nan,0,0
1698316723444,nan,nan,nan,nan,0,0
1698316723490,nan,nan,nan,nan,0,0
1698316723529,nan,nan,nan,nan,0,0
1698316723566,nan,nan,nan,nan,0,0
1698316723601,nan,nan,nan,nan,0,0
1698316723637,nan,nan,nan,nan,0,0
1698316723674,nan,nan,nan,nan,0,0
1698316723714,nan,nan,nan,nan,0,0
1698316723754,nan,nan,nan,nan,0,0
1698316723799,nan,nan,nan,nan,0,0
1698316723844,nan,nan,nan,nan,0,0
1698316723887,nan,nan,nan,nan,0,0
1698316723932,nan,nan,nan,nan,0,0
1698316723978,nan,nan,nan,nan,0,0
1698316724022,nan,nan,nan,nan,0,0
1698316724068,nan,nan,nan,nan,0,0
1698316724113,nan,nan,nan,nan,0,0
1698316724158,nan,nan,nan,nan,0,0
1698316724202,nan,nan,nan,nan,0,0
1698316724249,nan,nan,nan,nan,0,0
1698316724295,nan,nan,nan,nan,0,0
1698316724340,nan,nan,nan,nan,0,0
1698316724385,nan,nan,nan,nan,0,0
1698316724433,nan,nan,nan,nan,0,0
1698316724477,nan,nan,nan,nan,0,0
1698316724526,nan,nan,nan,nan,0,0
1698316724569,nan,nan,nan,nan,0,0
1698316724614,nan,nan,nan,nan,0,0
1698316724659,nan,nan,nan,nan,0,0
1698316724703,nan,nan,nan,nan,0,0
1698316724743,nan,nan,nan,nan,0,0
1698316724785,nan,nan,nan,nan,0,0
1698316724826,nan,nan,nan,nan,0,0
1698316724865,nan,nan,nan,nan,0,0
1698316724905,nan,nan,nan,nan,0,0
1698316724944,nan,nan,nan,nan,0,0
1698316724984,nan,nan,nan,nan,0,0
1698316725024,nan,nan,nan,nan,0,0
1698316725067,nan,nan,nan,nan,0,0
1698316725108,nan,nan,nan,nan,0,0
1698316725149,nan,nan,nan,nan,0,0
1698316725189,nan,nan,nan,nan,0,0
1698316725229,nan,nan,nan,nan,0,0
1698316725271,nan,nan,nan,nan,0,0
1698316725315,nan,nan,nan,nan,0,0
1698316725358,nan,nan,nan,nan,0,0
1698316725402,nan,nan,nan,nan,0,0
1698316725446,nan,nan,nan,nan,0,0
1698316725487,nan,nan,nan,nan,0,0
1698316725528,nan,nan,nan,nan,0,0
1698316725569,nan,nan,nan,nan,0,0
1698316725611,nan,nan,nan,nan,0,0
1698316725652,nan,nan,nan,nan,0,0
1698316725692,nan,nan,nan,nan,0,0
1698316725735,nan,nan,nan,nan,0,0
1698316725780,nan,nan,nan,nan,0,0
1698316725824,nan,nan,nan,nan,0,0
1698316725868,nan,nan,nan,nan,0,0
1698316725911,nan,nan,nan,nan,0,0
1698316725954,nan,nan,nan,nan,0,0
1698316725999,nan,nan,nan,nan,0,0
1698316726042,nan,nan,nan,nan,0,0
1698316726092,nan,nan,nan,nan,0,0
1698316726137,nan,nan,nan,nan,0,0
1698316726184,nan,nan,nan,nan,0,0
1698316726231,nan,nan,nan,nan,0,0
1698316726282,nan,nan,nan,nan,0,0
1698316726329,nan,nan,nan,nan,0,0
1698316726372,nan,nan,nan,nan,0,0
1698316726416,nan,nan,nan,nan,0,0
1698316726457,nan,nan,nan,nan,0,0
1698316726498,nan,nan,nan,nan,0,0
1698316726536,nan,nan,nan,nan,0,0
1698316726577,nan,nan,nan,nan,0,0
1698316726620,nan,nan,nan,nan,0,0
1698316726662,nan,nan,nan,nan,0,0
1698316726703,nan,nan,nan,nan,0,0
1698316726745,nan,nan,nan,nan,0,0
1698316726788,nan,nan,nan,nan,0,0
1698316726832,nan,nan,nan,nan,0,0
1698316726874,nan,nan,nan,nan,0,0
1698316726916,nan,nan,nan,nan,0,0
1698316726956,nan,nan,nan,nan,0,0
1698316726997,nan,nan,nan,nan,0,0
1698316727038,nan,nan,nan,nan,0,0
1698316727079,nan,nan,nan,nan,0,0
1698316727119,nan,nan,nan,nan,0,0
1698316727160,nan,nan,nan,nan,0,0
1698316727200,nan,nan,nan,nan,0,0
1698316727243,nan,nan,nan,nan,0,0
1698316727285,nan,nan,nan,nan,0,0
1698316727326,nan,nan,nan,nan,0,0
1698316727367,nan,nan,nan,nan,0,0
1698316727407,nan,nan,nan,nan,0,0
1698316727449,nan,nan,nan,nan,0,0
1698316727490,nan,nan,nan,nan,0,0
1698316727533,nan,nan,nan,nan,0,0
1698316727576,nan,nan,nan,nan,0,0
1698316727621,nan,nan,nan,nan,0,0
1698316727665,nan,nan,nan,nan,0,0
1698316727709,nan,nan,nan,nan,0,0
1698316727755,nan,nan,nan,nan,0,0
1698316727799,nan,nan,nan,nan,0,0
1698316727841,nan,nan,nan,nan,0,0
1698316727886,nan,nan,nan,nan,0,0
1698316727932,nan,nan,nan,nan,0,0
1698316727979,nan,nan,nan,nan,0,0
1698316728025,nan,nan,nan,nan,0,0
1698316728070,nan,nan,nan,nan,0,0
1698316728118,nan,nan,nan,nan,0,0
1698316728163,nan,nan,nan,nan,0,0
1698316728209,nan,nan,nan,nan,0,0
1698316728254,nan,nan,nan,nan,0,0
1698316728299,nan,nan,nan,nan,0,0
1698316728345,nan,nan,nan,nan,0,0
1698316728393,nan,nan,nan,nan,0,0
1698316728439,nan,nan,nan,nan,0,0
1698316728483,nan,nan,nan,nan,0,0
1698316728522,nan,nan,nan,nan,0,0
1698316728562,nan,nan,nan,nan,0,0
1698316728603,nan,nan,nan,nan,0,0
1698316728647,nan,nan,nan,nan,0,0
1698316728693,nan,nan,nan,nan,0,0
1698316728745,nan,nan,nan,nan,0,0
1698316728791,nan,nan,nan,nan,0,0
1698316728834,nan,nan,nan,nan,0,0
1698316728878,nan,nan,nan,nan,0,0
1698316728925,nan,nan,nan,nan,0,0
1698316728968,nan,nan,nan,nan,0,0
1698316729015,nan,nan,nan,nan,0,0
1698316729061,nan,nan,nan,nan,0,0
1698316729110,nan,nan,nan,nan,0,0
1698316729155,nan,nan,nan,nan,0,0
1698316729201,nan,nan,nan,nan,0,0
1698316729250,nan,nan,nan,nan,0,0
1698316729301,nan,nan,nan,nan,0,0
1698316729349,nan,nan,nan,nan,0,0
1698316729392,nan,nan,nan,nan,0,0
1698316729435,nan,nan,nan,nan,0,0
1698316729479,nan,nan,nan,nan,0,0
1698316729520,nan,nan,nan,nan,0,0
1698316729562,nan,nan,nan,nan,0,0
1698316729609,nan,nan,nan,nan,0,0
1698316729654,nan,nan,nan,nan,0,0
1698316729698,nan,nan,nan,nan,0,0
1698316729742,nan,nan,nan,nan,0,0
1698316729785,nan,nan,nan,nan,0,0
1698316729831,nan,nan,nan,nan,0,0
1698316729876,nan,nan,nan,nan,0,0
1698316729921,nan,nan,nan,nan,0,0
1698316729965,nan,nan,nan,nan,0,0
1698316730013,nan,nan,nan,nan,0,0
1698316730056,nan,nan,nan,nan,0,0
1698316730102,nan,nan,nan,nan,0,0
1698316730148,nan,nan,nan,nan,0,0
1698316730195,nan,nan,nan,nan,0,0
1698316730241,nan,nan,nan,nan,0,0
1698316730288,nan,nan,nan,nan,0,0
1698316730333,nan,nan,nan,nan,0,0
1698316730375,nan,nan,nan,nan,0,0
1698316730416,nan,nan,nan,nan,0,0
1698316730459,nan,nan,nan,nan,0,0
1698316730500,nan,nan,nan,nan,0,0
1698316730546,nan,nan,nan,nan,0,0
1698316730589,nan,nan,nan,nan,0,0
1698316730631,nan,nan,nan,nan,0,0
1698316730675,nan,nan,nan,nan,0,0
1698316730720,nan,nan,nan,nan,0,0
1698316730765,nan,nan,nan,nan,0,0
1698316730812,nan,nan,nan,nan,0,0
1698316730856,nan,nan,nan,nan,0,0
1698316730900,nan,nan,nan,nan,0,0
1698316730943,nan,nan,nan,nan,0,0
1698316730986,nan,nan,nan,nan,0,0
1698316731027,nan,nan,nan,nan,0,0
1698316731071,nan,nan,nan,nan,0,0
1698316731115,nan,nan,nan,nan,0,0
1698316731158,nan,nan,nan,nan,0,0
1698316731200,nan,nan,nan,nan,0,0
1698316731242,nan,nan,nan,nan,0,0
1698316731285,nan,nan,nan,nan,0,0
1698316731331,nan,nan,nan,nan,0,0
1698316731375,nan,nan,nan,nan,0,0
1698316731416,nan,nan,nan,nan,0,0
1698316731458,nan,nan,nan,nan,0,0
1698316731499,nan,nan,nan,nan,0,0
1698316731539,nan,nan,nan,nan,0,0
1698316731581,nan,nan,nan,nan,0,0
1698316731622,nan,nan,nan,nan,0,0
1698316731663,nan,nan,nan,nan,0,0
1698316731704,nan,nan,nan,nan,0,0
1698316731744,nan,nan,nan,nan,0,0
1698316731787,nan,nan,nan,nan,0,0
1698316731830,nan,nan,nan,nan,0,0
1698316731871,nan,nan,nan,nan,0,0
1698316731912,nan,nan,nan,nan,0,0
1698316731952,nan,nan,nan,nan,0,0
1698316731990,nan,nan,nan,nan,0,0
1698316732029,nan,nan,nan,nan,0,0
1698316732070,nan,nan,nan,nan,0,0
1698316732112,nan,nan,nan,nan,0,0
1698316732153,nan,nan,nan,nan,0,0
1698316732194,nan,nan,nan,nan,0,0
1698316732234,nan,nan,nan,nan,0,0
1698316732276,nan,nan,nan,nan,0,0
1698316732318,nan,nan,nan,nan,0,0
1698316732361,nan,nan,nan,nan,0,0
1698316732404,nan,nan,nan,nan,0,0
1698316732449,nan,nan,nan,nan,0,0
1698316732492,nan,nan,nan,nan,0,0
1698316732539,nan,nan,nan,nan,0,0
1698316732587,nan,nan,nan,nan,0,0
1698316732633,nan,nan,nan,nan,0,0
1698316732677,nan,nan,nan,nan,0,0
1698316732725,nan,nan,nan,nan,0,0
1698316732771,nan,nan,nan,nan,0,0
1698316732820,nan,nan,nan,nan,0,0
1698316732866,nan,nan,nan,nan,0,0
1698316732912,nan,nan,nan,nan,0,0
1698316732959,nan,nan,nan,nan,0,0
1698316733006,nan,nan,nan,nan,0,0
1698316733052,nan,nan,nan,nan,0,0
1698316733099,nan,nan,nan,nan,0,0
1698316733148,nan,nan,nan,nan,0,0
1698316733191,nan,nan,nan,nan,0,0
1698316733229,nan,nan,nan,nan,0,0
1698316733265,nan,nan,nan,nan,0,0
1698316733299,nan,nan,nan,nan,0,0
1698316733334,nan,nan,nan,nan,0,0
1698316733372,nan,nan,nan,nan,0,0
1698316733414,nan,nan,nan,nan,0,0
1698316733461,nan,nan,nan,nan,0,0
1698316733513,nan,nan,nan,nan,0,0
1698316733560,nan,nan,nan,nan,0,0
1698316733608,nan,nan,nan,nan,0,0
1698316733654,nan,nan,nan,nan,0,0
1698316733701,nan,nan,nan,nan,0,0
1698316733747,nan,nan,nan,nan,0,0
1698316733791,nan,nan,nan,nan,0,0
1698316733837,nan,nan,nan,nan,0,0
1698316733884,nan,nan,nan,nan,0,0
1698316733929,nan,nan,nan,nan,0,0
1698316733974,nan,nan,nan,nan,0,0
1698316734017,nan,nan,nan,nan,0,0
1698316734063,nan,nan,nan,nan,0,0
1698316734108,nan,nan,nan,nan,0,0
1698316734162,nan,nan,nan,nan,0,0
1698316734208,nan,nan,nan,nan,0,0
1698316734254,nan,nan,nan,nan,0,0
1698316734299,nan,nan,nan,nan,0,0
1698316734344,nan,nan,nan,nan,0,0
1698316734387,nan,nan,nan,nan,0,0
1698316734430,nan,nan,nan,nan,0,0
1698316734470,nan,nan,nan,nan,0,0
1698316734510,nan,nan,nan,nan,0,0
1698316734551,nan,nan,nan,nan,0,0
1698316734591,nan,nan,nan,nan,0,0
1698316734632,nan,nan,nan,nan,0,0
1698316734673,nan,nan,nan,nan,0,0
1698316734715,nan,nan,nan,nan,0,0
1698316734755,nan,nan,nan,nan,0,0
1698316734798,nan,nan,nan,nan,0,0
1698316734837,nan,nan,nan,nan,0,0
1698316734881,nan,nan,nan,nan,0,0
1698316734924,nan,nan,nan,nan,0,0
1698316734966,nan,nan,nan,nan,0,0
1698316735010,nan,nan,nan,nan,0,0
1698316735051,nan,nan,nan,nan,0,0
1698316735093,nan,nan,nan,nan,0,0
1698316735134,nan,nan,nan,nan,0,0
1698316735183,nan,nan,nan,nan,0,0
1698316735225,nan,nan,nan,nan,0,0
1698316735269,nan,nan,nan,nan,0,0
1698316735311,nan,nan,nan,nan,0,0
1698316735356,nan,nan,nan,nan,0,0
1698316735401,nan,nan,nan,nan,0,0
1698316735440,nan,nan,nan,nan,0,0
1698316735482,nan,nan,nan,nan,0,0
1698316735524,nan,nan,nan,nan,0,0
1698316735567,nan,nan,nan,nan,0,0
1698316735608,nan,nan,nan,nan,0,0
1698316735652,nan,nan,nan,nan,0,0
1698316735697,nan,nan,nan,nan,0,0
1698316735741,nan,nan,nan,nan,0,0
1698316735788,nan,nan,nan,nan,0,0
1698316735837,nan,nan,nan,nan,0,0
1698316735880,nan,nan,nan,nan,0,0
1698316735926,nan,nan,nan,nan,0,0
1698316735972,nan,nan,nan,nan,0,0
1698316736018,nan,nan,nan,nan,0,0
1698316736063,nan,nan,nan,nan,0,0
1698316736110,nan,nan,nan,nan,0,0
1698316736156,nan,nan,nan,nan,0,0
1698316736198,nan,nan,nan,nan,0,0
1698316736238,nan,nan,nan,nan,0,0
1698316736277,nan,nan,nan,nan,0,0
1698316736318,nan,nan,nan,nan,0,0
1698316736359,nan,nan,nan,nan,0,0
1698316736404,nan,nan,nan,nan,0,0
1698316736446,nan,nan,nan,nan,0,0
1698316736487,nan,nan,nan,nan,0,0
1698316736532,nan,nan,nan,nan,0,0
1698316736574,nan,nan,nan,nan,0,0
1698316736616,nan,nan,nan,nan,0,0
1698316736659,nan,nan,nan,nan,0,0
1698316736700,nan,nan,nan,nan,0,0
1698316736739,nan,nan,nan,nan,0,0
1698316736781,nan,nan,nan,nan,0,0
1698316736824,nan,nan,nan,nan,0,0
1698316736865,nan,nan,nan,nan,0,0
1698316736904,nan,nan,nan,nan,0,0
1698316736945,nan,nan,nan,nan,0,0
1698316736985,nan,nan,nan,nan,0,0
1698316737026,nan,nan,nan,nan,0,0
1698316737065,nan,nan,nan,nan,0,0
1698316737106,nan,nan,nan,nan,0,0
1698316737149,nan,nan,nan,nan,0,0
1698316737190,nan,nan,nan,nan,0,0
1698316737230,nan,nan,nan,nan,0,0
1698316737272,nan,nan,nan,nan,0,0
1698316737316,nan,nan,nan,nan,0,0
1698316737360,nan,nan,nan,nan,0,0
1698316737407,nan,nan,nan,nan,0,0
1698316737449,nan,nan,nan,nan,0,0
1698316737494,nan,nan,nan,nan,0,0
1698316737541,nan,nan,nan,nan,0,0
1698316737589,nan,nan,nan,nan,0,0
1698316737635,nan,nan,nan,nan,0,0
1698316737681,nan,nan,nan,nan,0,0
1698316737724,nan,nan,nan,nan,0,0
1698316737769,nan,nan,nan,nan,0,0
1698316737817,nan,nan,nan,nan,0,0
1698316737861,nan,nan,nan,nan,0,0
1698316737902,nan,nan,nan,nan,0,0
1698316737942,nan,nan,nan,nan,0,0
1698316737980,nan,nan,nan,nan,0,0
1698316738019,nan,nan,nan,nan,0,0
1698316738061,nan,nan,nan,nan,0,0
1698316738105,nan,nan,nan,nan,0,0
1698316738147,nan,nan,nan,nan,0,0
1698316738191,nan,nan,nan,nan,0,0
1698316738233,nan,nan,nan,nan,0,0
1698316738274,nan,nan,nan,nan,0,0
1698316738319,nan,nan,nan,nan,0,0
1698316738362,nan,nan,nan,nan,0,0
1698316738406,nan,nan,nan,nan,0,0
1698316738452,nan,nan,nan,nan,0,0
1698316738497,nan,nan,nan,nan,0,0
1698316738542,nan,nan,nan,nan,0,0
1698316738589,nan,nan,nan,nan,0,0
1698316738634,nan,nan,nan,nan,0,0
1698316738682,nan,nan,nan,nan,0,0
1698316738729,nan,nan,nan,nan,0,0
1698316738775,nan,nan,nan,nan,0,0
1698316738819,nan,nan,nan,nan,0,0
1698316738860,nan,nan,nan,nan,0,0
1698316738899,nan,nan,nan,nan,0,0
1698316738943,nan,nan,nan,nan,0,0
1698316738988,nan,nan,nan,nan,0,0
1698316739038,nan,nan,nan,nan,0,0
1698316739084,nan,nan,nan,nan,0,0
1698316739131,nan,nan,nan,nan,0,0
1698316739178,nan,nan,nan,nan,0,0
1698316739225,nan,nan,nan,nan,0,0
1698316739272,nan,nan,nan,nan,0,0
1698316739315,nan,nan,nan,nan,0,0
1698316739359,nan,nan,nan,nan,0,0
1698316739400,nan,nan,nan,nan,0,0
1698316739441,nan,nan,nan,nan,0,0
1698316739484,nan,nan,nan,nan,0,0
1698316739527,nan,nan,nan,nan,0,0
1698316739572,nan,nan,nan,nan,0,0
1698316739617,nan,nan,nan,nan,0,0
