device_time_stamp,system_time_stamp,left_gaze_point_on_display_area,left_gaze_point_in_user_coordinate_system,left_gaze_point_validity,left_pupil_diameter,left_pupil_validity,left_gaze_origin_in_user_coordinate_system,left_gaze_origin_in_trackbox_coordinate_system,left_gaze_origin_validity,right_gaze_point_on_display_area,right_gaze_point_in_user_coordinate_system,right_gaze_point_validity,right_pupil_diameter,right_pupil_validity,right_gaze_origin_in_user_coordinate_system,right_gaze_origin_in_trackbox_coordinate_system,right_gaze_origin_validity,timestamp
317824847,1214737836222,"(nan, nan)","(nan, nan, nan)",0,nan,0,"(nan, nan, nan)","(nan, nan, nan)",0,"(nan, nan)","(nan, nan, nan)",0,nan,0,"(nan, nan, nan)","(nan, nan, nan)",0,1698235744446
317835950,1214737847325,"(nan, nan)","(nan, nan, nan)",0,nan,0,"(nan, nan, nan)","(nan, nan, nan)",0,"(nan, nan)","(nan, nan, nan)",0,nan,0,"(nan, nan, nan)","(nan, nan, nan)",0,1698235744475
317847053,1214737858430,"(nan, nan)","(nan, nan, nan)",0,nan,0,"(nan, nan, nan)","(nan, nan, nan)",0,"(nan, nan)","(nan, nan, nan)",0,nan,0,"(nan, nan, nan)","(nan, nan, nan)",0,1698235744475
317858156,1214737869535,"(nan, nan)","(nan, nan, nan)",0,nan,0,"(nan, nan, nan)","(nan, nan, nan)",0,"(nan, nan)","(nan, nan, nan)",0,nan,0,"(nan, nan, nan)","(nan, nan, nan)",0,1698235744480
317869259,1214737880641,"(nan, nan)","(nan, nan, nan)",0,nan,0,"(nan, nan, nan)","(nan, nan, nan)",0,"(nan, nan)","(nan, nan, nan)",0,nan,0,"(nan, nan, nan)","(nan, nan, nan)",0,1698235744491
317880362,1214737891746,"(nan, nan)","(nan, nan, nan)",0,nan,0,"(nan, nan, nan)","(nan, nan, nan)",0,"(nan, nan)","(nan, nan, nan)",0,nan,0,"(nan, nan, nan)","(nan, nan, nan)",0,1698235744502
317891465,1214737902850,"(nan, nan)","(nan, nan, nan)",0,nan,0,"(nan, nan, nan)","(nan, nan, nan)",0,"(nan, nan)","(nan, nan, nan)",0,nan,0,"(nan, nan, nan)","(nan, nan, nan)",0,1698235744513
317902568,1214737913954,"(nan, nan)","(nan, nan, nan)",0,nan,0,"(nan, nan, nan)","(nan, nan, nan)",0,"(nan, nan)","(nan, nan, nan)",0,nan,0,"(nan, nan, nan)","(nan, nan, nan)",0,1698235744524
317913672,1214737925058,"(nan, nan)","(nan, nan, nan)",0,nan,0,"(nan, nan, nan)","(nan, nan, nan)",0,"(nan, nan)","(nan, nan, nan)",0,nan,0,"(nan, nan, nan)","(nan, nan, nan)",0,1698235744535
317924775,1214737936161,"(nan, nan)","(nan, nan, nan)",0,nan,0,"(nan, nan, nan)","(nan, nan, nan)",0,"(nan, nan)","(nan, nan, nan)",0,nan,0,"(nan, nan, nan)","(nan, nan, nan)",0,1698235744547
317935878,1214737947265,"(nan, nan)","(nan, nan, nan)",0,nan,0,"(nan, nan, nan)","(nan, nan, nan)",0,"(nan, nan)","(nan, nan, nan)",0,nan,0,"(nan, nan, nan)","(nan, nan, nan)",0,1698235744557
317946981,1214737958368,"(nan, nan)","(nan, nan, nan)",0,nan,0,"(nan, nan, nan)","(nan, nan, nan)",0,"(nan, nan)","(nan, nan, nan)",0,nan,0,"(nan, nan, nan)","(nan, nan, nan)",0,1698235744568
317958084,1214737969471,"(nan, nan)","(nan, nan, nan)",0,nan,0,"(nan, nan, nan)","(nan, nan, nan)",0,"(nan, nan)","(nan, nan, nan)",0,nan,0,"(nan, nan, nan)","(nan, nan, nan)",0,1698235744580
317969187,1214737980575,"(nan, nan)","(nan, nan, nan)",0,nan,0,"(nan, nan, nan)","(nan, nan, nan)",0,"(nan, nan)","(nan, nan, nan)",0,nan,0,"(nan, nan, nan)","(nan, nan, nan)",0,1698235744609
317980290,1214737991678,"(nan, nan)","(nan, nan, nan)",0,nan,0,"(nan, nan, nan)","(nan, nan, nan)",0,"(nan, nan)","(nan, nan, nan)",0,nan,0,"(nan, nan, nan)","(nan, nan, nan)",0,1698235744609
317991393,1214738002781,"(nan, nan)","(nan, nan, nan)",0,nan,0,"(nan, nan, nan)","(nan, nan, nan)",0,"(nan, nan)","(nan, nan, nan)",0,nan,0,"(nan, nan, nan)","(nan, nan, nan)",0,1698235744613
318002497,1214738013886,"(nan, nan)","(nan, nan, nan)",0,nan,0,"(nan, nan, nan)","(nan, nan, nan)",0,"(nan, nan)","(nan, nan, nan)",0,nan,0,"(nan, nan, nan)","(nan, nan, nan)",0,1698235744624
318013600,1214738024989,"(nan, nan)","(nan, nan, nan)",0,nan,0,"(nan, nan, nan)","(nan, nan, nan)",0,"(nan, nan)","(nan, nan, nan)",0,nan,0,"(nan, nan, nan)","(nan, nan, nan)",0,1698235744636
318024703,1214738036092,"(nan, nan)","(nan, nan, nan)",0,nan,0,"(nan, nan, nan)","(nan, nan, nan)",0,"(nan, nan)","(nan, nan, nan)",0,nan,0,"(nan, nan, nan)","(nan, nan, nan)",0,1698235744646
318035806,1214738047195,"(nan, nan)","(nan, nan, nan)",0,nan,0,"(nan, nan, nan)","(nan, nan, nan)",0,"(nan, nan)","(nan, nan, nan)",0,nan,0,"(nan, nan, nan)","(nan, nan, nan)",0,1698235744658
318046909,1214738058298,"(nan, nan)","(nan, nan, nan)",0,nan,0,"(nan, nan, nan)","(nan, nan, nan)",0,"(nan, nan)","(nan, nan, nan)",0,nan,0,"(nan, nan, nan)","(nan, nan, nan)",0,1698235744668
318058012,1214738069400,"(nan, nan)","(nan, nan, nan)",0,nan,0,"(nan, nan, nan)","(nan, nan, nan)",0,"(nan, nan)","(nan, nan, nan)",0,nan,0,"(nan, nan, nan)","(nan, nan, nan)",0,1698235744680
318069115,1214738080503,"(nan, nan)","(nan, nan, nan)",0,nan,0,"(nan, nan, nan)","(nan, nan, nan)",0,"(nan, nan)","(nan, nan, nan)",0,nan,0,"(nan, nan, nan)","(nan, nan, nan)",0,1698235744690
318080218,1214738091605,"(nan, nan)","(nan, nan, nan)",0,nan,0,"(nan, nan, nan)","(nan, nan, nan)",0,"(nan, nan)","(nan, nan, nan)",0,nan,0,"(nan, nan, nan)","(nan, nan, nan)",0,1698235744702
318091322,1214738102710,"(nan, nan)","(nan, nan, nan)",0,nan,0,"(nan, nan, nan)","(nan, nan, nan)",0,"(nan, nan)","(nan, nan, nan)",0,nan,0,"(nan, nan, nan)","(nan, nan, nan)",0,1698235744739
318102425,1214738113813,"(nan, nan)","(nan, nan, nan)",0,nan,0,"(nan, nan, nan)","(nan, nan, nan)",0,"(nan, nan)","(nan, nan, nan)",0,nan,0,"(nan, nan, nan)","(nan, nan, nan)",0,1698235744739
318113528,1214738124916,"(nan, nan)","(nan, nan, nan)",0,nan,0,"(nan, nan, nan)","(nan, nan, nan)",0,"(nan, nan)","(nan, nan, nan)",0,nan,0,"(nan, nan, nan)","(nan, nan, nan)",0,1698235744740
318124631,1214738136019,"(nan, nan)","(nan, nan, nan)",0,nan,0,"(nan, nan, nan)","(nan, nan, nan)",0,"(nan, nan)","(nan, nan, nan)",0,nan,0,"(nan, nan, nan)","(nan, nan, nan)",0,1698235744746
318135734,1214738147123,"(nan, nan)","(nan, nan, nan)",0,nan,0,"(nan, nan, nan)","(nan, nan, nan)",0,"(nan, nan)","(nan, nan, nan)",0,nan,0,"(nan, nan, nan)","(nan, nan, nan)",0,1698235744758
318146837,1214738158223,"(nan, nan)","(nan, nan, nan)",0,nan,0,"(nan, nan, nan)","(nan, nan, nan)",0,"(nan, nan)","(nan, nan, nan)",0,nan,0,"(nan, nan, nan)","(nan, nan, nan)",0,1698235744768
318157940,1214738169323,"(nan, nan)","(nan, nan, nan)",0,nan,0,"(nan, nan, nan)","(nan, nan, nan)",0,"(nan, nan)","(nan, nan, nan)",0,nan,0,"(nan, nan, nan)","(nan, nan, nan)",0,1698235744780
318169043,1214738180422,"(nan, nan)","(nan, nan, nan)",0,nan,0,"(nan, nan, nan)","(nan, nan, nan)",0,"(nan, nan)","(nan, nan, nan)",0,nan,0,"(nan, nan, nan)","(nan, nan, nan)",0,1698235744791
318180147,1214738191523,"(nan, nan)","(nan, nan, nan)",0,nan,0,"(nan, nan, nan)","(nan, nan, nan)",0,"(nan, nan)","(nan, nan, nan)",0,nan,0,"(nan, nan, nan)","(nan, nan, nan)",0,1698235744802
318191250,1214738202623,"(nan, nan)","(nan, nan, nan)",0,nan,0,"(nan, nan, nan)","(nan, nan, nan)",0,"(nan, nan)","(nan, nan, nan)",0,nan,0,"(nan, nan, nan)","(nan, nan, nan)",0,1698235744814
318202353,1214738213726,"(nan, nan)","(nan, nan, nan)",0,nan,0,"(nan, nan, nan)","(nan, nan, nan)",0,"(nan, nan)","(nan, nan, nan)",0,nan,0,"(nan, nan, nan)","(nan, nan, nan)",0,1698235744824
318213456,1214738224828,"(nan, nan)","(nan, nan, nan)",0,nan,0,"(nan, nan, nan)","(nan, nan, nan)",0,"(nan, nan)","(nan, nan, nan)",0,nan,0,"(nan, nan, nan)","(nan, nan, nan)",0,1698235744835
318224559,1214738235931,"(nan, nan)","(nan, nan, nan)",0,nan,0,"(nan, nan, nan)","(nan, nan, nan)",0,"(nan, nan)","(nan, nan, nan)",0,nan,0,"(nan, nan, nan)","(nan, nan, nan)",0,1698235744846
318235662,1214738247034,"(nan, nan)","(nan, nan, nan)",0,nan,0,"(nan, nan, nan)","(nan, nan, nan)",0,"(nan, nan)","(nan, nan, nan)",0,nan,0,"(nan, nan, nan)","(nan, nan, nan)",0,1698235744878
318246765,1214738258137,"(nan, nan)","(nan, nan, nan)",0,nan,0,"(nan, nan, nan)","(nan, nan, nan)",0,"(nan, nan)","(nan, nan, nan)",0,nan,0,"(nan, nan, nan)","(nan, nan, nan)",0,1698235744878
318257868,1214738269239,"(nan, nan)","(nan, nan, nan)",0,nan,0,"(nan, nan, nan)","(nan, nan, nan)",0,"(nan, nan)","(nan, nan, nan)",0,nan,0,"(nan, nan, nan)","(nan, nan, nan)",0,1698235744879
318268972,1214738280343,"(nan, nan)","(nan, nan, nan)",0,nan,0,"(nan, nan, nan)","(nan, nan, nan)",0,"(nan, nan)","(nan, nan, nan)",0,nan,0,"(nan, nan, nan)","(nan, nan, nan)",0,1698235744893
318280075,1214738291446,"(nan, nan)","(nan, nan, nan)",0,nan,0,"(nan, nan, nan)","(nan, nan, nan)",0,"(nan, nan)","(nan, nan, nan)",0,nan,0,"(nan, nan, nan)","(nan, nan, nan)",0,1698235744902
318291178,1214738302549,"(nan, nan)","(nan, nan, nan)",0,nan,0,"(nan, nan, nan)","(nan, nan, nan)",0,"(nan, nan)","(nan, nan, nan)",0,nan,0,"(nan, nan, nan)","(nan, nan, nan)",0,1698235744913
318302281,1214738313652,"(nan, nan)","(nan, nan, nan)",0,nan,0,"(nan, nan, nan)","(nan, nan, nan)",0,"(nan, nan)","(nan, nan, nan)",0,nan,0,"(nan, nan, nan)","(nan, nan, nan)",0,1698235744923
318313384,1214738324755,"(nan, nan)","(nan, nan, nan)",0,nan,0,"(nan, nan, nan)","(nan, nan, nan)",0,"(nan, nan)","(nan, nan, nan)",0,nan,0,"(nan, nan, nan)","(nan, nan, nan)",0,1698235744934
318324487,1214738335858,"(nan, nan)","(nan, nan, nan)",0,nan,0,"(nan, nan, nan)","(nan, nan, nan)",0,"(nan, nan)","(nan, nan, nan)",0,nan,0,"(nan, nan, nan)","(nan, nan, nan)",0,1698235744947
318335590,1214738346960,"(nan, nan)","(nan, nan, nan)",0,nan,0,"(nan, nan, nan)","(nan, nan, nan)",0,"(nan, nan)","(nan, nan, nan)",0,nan,0,"(nan, nan, nan)","(nan, nan, nan)",0,1698235744958
318346693,1214738358063,"(nan, nan)","(nan, nan, nan)",0,nan,0,"(nan, nan, nan)","(nan, nan, nan)",0,"(nan, nan)","(nan, nan, nan)",0,nan,0,"(nan, nan, nan)","(nan, nan, nan)",0,1698235744969
318357797,1214738369167,"(nan, nan)","(nan, nan, nan)",0,nan,0,"(nan, nan, nan)","(nan, nan, nan)",0,"(nan, nan)","(nan, nan, nan)",0,nan,0,"(nan, nan, nan)","(nan, nan, nan)",0,1698235744979
318368900,1214738380272,"(nan, nan)","(nan, nan, nan)",0,nan,0,"(nan, nan, nan)","(nan, nan, nan)",0,"(nan, nan)","(nan, nan, nan)",0,nan,0,"(nan, nan, nan)","(nan, nan, nan)",0,1698235745007
318380003,1214738391379,"(nan, nan)","(nan, nan, nan)",0,nan,0,"(nan, nan, nan)","(nan, nan, nan)",0,"(nan, nan)","(nan, nan, nan)",0,nan,0,"(nan, nan, nan)","(nan, nan, nan)",0,1698235745008
318391106,1214738402486,"(nan, nan)","(nan, nan, nan)",0,nan,0,"(nan, nan, nan)","(nan, nan, nan)",0,"(nan, nan)","(nan, nan, nan)",0,nan,0,"(nan, nan, nan)","(nan, nan, nan)",0,1698235745012
318402209,1214738413593,"(nan, nan)","(nan, nan, nan)",0,nan,0,"(nan, nan, nan)","(nan, nan, nan)",0,"(nan, nan)","(nan, nan, nan)",0,nan,0,"(nan, nan, nan)","(nan, nan, nan)",0,1698235745023
318413312,1214738424699,"(nan, nan)","(nan, nan, nan)",0,nan,0,"(nan, nan, nan)","(nan, nan, nan)",0,"(nan, nan)","(nan, nan, nan)",0,nan,0,"(nan, nan, nan)","(nan, nan, nan)",0,1698235745035
318424415,1214738435802,"(nan, nan)","(nan, nan, nan)",0,nan,0,"(nan, nan, nan)","(nan, nan, nan)",0,"(nan, nan)","(nan, nan, nan)",0,nan,0,"(nan, nan, nan)","(nan, nan, nan)",0,1698235745046
318435518,1214738446905,"(nan, nan)","(nan, nan, nan)",0,nan,0,"(nan, nan, nan)","(nan, nan, nan)",0,"(nan, nan)","(nan, nan, nan)",0,nan,0,"(nan, nan, nan)","(nan, nan, nan)",0,1698235745057
318446622,1214738458010,"(nan, nan)","(nan, nan, nan)",0,nan,0,"(nan, nan, nan)","(nan, nan, nan)",0,"(nan, nan)","(nan, nan, nan)",0,nan,0,"(nan, nan, nan)","(nan, nan, nan)",0,1698235745068
318457725,1214738469113,"(nan, nan)","(nan, nan, nan)",0,nan,0,"(nan, nan, nan)","(nan, nan, nan)",0,"(nan, nan)","(nan, nan, nan)",0,nan,0,"(nan, nan, nan)","(nan, nan, nan)",0,1698235745079
318468828,1214738480216,"(nan, nan)","(nan, nan, nan)",0,nan,0,"(nan, nan, nan)","(nan, nan, nan)",0,"(nan, nan)","(nan, nan, nan)",0,nan,0,"(nan, nan, nan)","(nan, nan, nan)",0,1698235745090
318479931,1214738491318,"(nan, nan)","(nan, nan, nan)",0,nan,0,"(nan, nan, nan)","(nan, nan, nan)",0,"(nan, nan)","(nan, nan, nan)",0,nan,0,"(nan, nan, nan)","(nan, nan, nan)",0,1698235745101
318491034,1214738502419,"(nan, nan)","(nan, nan, nan)",0,nan,0,"(nan, nan, nan)","(nan, nan, nan)",0,"(nan, nan)","(nan, nan, nan)",0,nan,0,"(nan, nan, nan)","(nan, nan, nan)",0,1698235745112
318502137,1214738513522,"(nan, nan)","(nan, nan, nan)",0,nan,0,"(nan, nan, nan)","(nan, nan, nan)",0,"(nan, nan)","(nan, nan, nan)",0,nan,0,"(nan, nan, nan)","(nan, nan, nan)",0,1698235745140
318513240,1214738524623,"(nan, nan)","(nan, nan, nan)",0,nan,0,"(nan, nan, nan)","(nan, nan, nan)",0,"(nan, nan)","(nan, nan, nan)",0,nan,0,"(nan, nan, nan)","(nan, nan, nan)",0,1698235745140
318524343,1214738535727,"(nan, nan)","(nan, nan, nan)",0,nan,0,"(nan, nan, nan)","(nan, nan, nan)",0,"(nan, nan)","(nan, nan, nan)",0,nan,0,"(nan, nan, nan)","(nan, nan, nan)",0,1698235745146
318535447,1214738546831,"(nan, nan)","(nan, nan, nan)",0,nan,0,"(nan, nan, nan)","(nan, nan, nan)",0,"(nan, nan)","(nan, nan, nan)",0,nan,0,"(nan, nan, nan)","(nan, nan, nan)",0,1698235745156
318546550,1214738557934,"(nan, nan)","(nan, nan, nan)",0,nan,0,"(nan, nan, nan)","(nan, nan, nan)",0,"(nan, nan)","(nan, nan, nan)",0,nan,0,"(nan, nan, nan)","(nan, nan, nan)",0,1698235745168
318557653,1214738569037,"(nan, nan)","(nan, nan, nan)",0,nan,0,"(nan, nan, nan)","(nan, nan, nan)",0,"(nan, nan)","(nan, nan, nan)",0,nan,0,"(nan, nan, nan)","(nan, nan, nan)",0,1698235745179
318568756,1214738580140,"(nan, nan)","(nan, nan, nan)",0,nan,0,"(nan, nan, nan)","(nan, nan, nan)",0,"(nan, nan)","(nan, nan, nan)",0,nan,0,"(nan, nan, nan)","(nan, nan, nan)",0,1698235745190
318579859,1214738591243,"(nan, nan)","(nan, nan, nan)",0,nan,0,"(nan, nan, nan)","(nan, nan, nan)",0,"(nan, nan)","(nan, nan, nan)",0,nan,0,"(nan, nan, nan)","(nan, nan, nan)",0,1698235745201
318590962,1214738602346,"(nan, nan)","(nan, nan, nan)",0,nan,0,"(nan, nan, nan)","(nan, nan, nan)",0,"(nan, nan)","(nan, nan, nan)",0,nan,0,"(nan, nan, nan)","(nan, nan, nan)",0,1698235745212
318602065,1214738613450,"(nan, nan)","(nan, nan, nan)",0,nan,0,"(nan, nan, nan)","(nan, nan, nan)",0,"(nan, nan)","(nan, nan, nan)",0,nan,0,"(nan, nan, nan)","(nan, nan, nan)",0,1698235745223
318613168,1214738624554,"(nan, nan)","(nan, nan, nan)",0,nan,0,"(nan, nan, nan)","(nan, nan, nan)",0,"(nan, nan)","(nan, nan, nan)",0,nan,0,"(nan, nan, nan)","(nan, nan, nan)",0,1698235745235
318624272,1214738635658,"(nan, nan)","(nan, nan, nan)",0,nan,0,"(nan, nan, nan)","(nan, nan, nan)",0,"(nan, nan)","(nan, nan, nan)",0,nan,0,"(nan, nan, nan)","(nan, nan, nan)",0,1698235745246
318635375,1214738646762,"(nan, nan)","(nan, nan, nan)",0,nan,0,"(nan, nan, nan)","(nan, nan, nan)",0,"(nan, nan)","(nan, nan, nan)",0,nan,0,"(nan, nan, nan)","(nan, nan, nan)",0,1698235745284
318646478,1214738657866,"(nan, nan)","(nan, nan, nan)",0,nan,0,"(nan, nan, nan)","(nan, nan, nan)",0,"(nan, nan)","(nan, nan, nan)",0,nan,0,"(nan, nan, nan)","(nan, nan, nan)",0,1698235745284
318657581,1214738668969,"(nan, nan)","(nan, nan, nan)",0,nan,0,"(nan, nan, nan)","(nan, nan, nan)",0,"(nan, nan)","(nan, nan, nan)",0,nan,0,"(nan, nan, nan)","(nan, nan, nan)",0,1698235745284
318668684,1214738680072,"(nan, nan)","(nan, nan, nan)",0,nan,0,"(nan, nan, nan)","(nan, nan, nan)",0,"(nan, nan)","(nan, nan, nan)",0,nan,0,"(nan, nan, nan)","(nan, nan, nan)",0,1698235745290
318679787,1214738691175,"(nan, nan)","(nan, nan, nan)",0,nan,0,"(nan, nan, nan)","(nan, nan, nan)",0,"(nan, nan)","(nan, nan, nan)",0,nan,0,"(nan, nan, nan)","(nan, nan, nan)",0,1698235745303
318690890,1214738702276,"(nan, nan)","(nan, nan, nan)",0,nan,0,"(nan, nan, nan)","(nan, nan, nan)",0,"(nan, nan)","(nan, nan, nan)",0,nan,0,"(nan, nan, nan)","(nan, nan, nan)",0,1698235745313
318701993,1214738713377,"(nan, nan)","(nan, nan, nan)",0,nan,0,"(nan, nan, nan)","(nan, nan, nan)",0,"(nan, nan)","(nan, nan, nan)",0,nan,0,"(nan, nan, nan)","(nan, nan, nan)",0,1698235745324
318713097,1214738724478,"(nan, nan)","(nan, nan, nan)",0,nan,0,"(nan, nan, nan)","(nan, nan, nan)",0,"(nan, nan)","(nan, nan, nan)",0,nan,0,"(nan, nan, nan)","(nan, nan, nan)",0,1698235745335
318724200,1214738735579,"(nan, nan)","(nan, nan, nan)",0,nan,0,"(nan, nan, nan)","(nan, nan, nan)",0,"(nan, nan)","(nan, nan, nan)",0,nan,0,"(nan, nan, nan)","(nan, nan, nan)",0,1698235745346
318735303,1214738746679,"(nan, nan)","(nan, nan, nan)",0,nan,0,"(nan, nan, nan)","(nan, nan, nan)",0,"(nan, nan)","(nan, nan, nan)",0,nan,0,"(nan, nan, nan)","(nan, nan, nan)",0,1698235745357
318746406,1214738757782,"(nan, nan)","(nan, nan, nan)",0,nan,0,"(nan, nan, nan)","(nan, nan, nan)",0,"(nan, nan)","(nan, nan, nan)",0,nan,0,"(nan, nan, nan)","(nan, nan, nan)",0,1698235745368
318757509,1214738768885,"(nan, nan)","(nan, nan, nan)",0,nan,0,"(nan, nan, nan)","(nan, nan, nan)",0,"(nan, nan)","(nan, nan, nan)",0,nan,0,"(nan, nan, nan)","(nan, nan, nan)",0,1698235745380
318768612,1214738779988,"(nan, nan)","(nan, nan, nan)",0,nan,0,"(nan, nan, nan)","(nan, nan, nan)",0,"(nan, nan)","(nan, nan, nan)",0,nan,0,"(nan, nan, nan)","(nan, nan, nan)",0,1698235745390
318779715,1214738791091,"(nan, nan)","(nan, nan, nan)",0,nan,0,"(nan, nan, nan)","(nan, nan, nan)",0,"(nan, nan)","(nan, nan, nan)",0,nan,0,"(nan, nan, nan)","(nan, nan, nan)",0,1698235745427
318790818,1214738802194,"(nan, nan)","(nan, nan, nan)",0,nan,0,"(nan, nan, nan)","(nan, nan, nan)",0,"(nan, nan)","(nan, nan, nan)",0,nan,0,"(nan, nan, nan)","(nan, nan, nan)",0,1698235745428
318801922,1214738813298,"(nan, nan)","(nan, nan, nan)",0,nan,0,"(nan, nan, nan)","(nan, nan, nan)",0,"(nan, nan)","(nan, nan, nan)",0,nan,0,"(nan, nan, nan)","(nan, nan, nan)",0,1698235745428
318813025,1214738824402,"(nan, nan)","(nan, nan, nan)",0,nan,0,"(nan, nan, nan)","(nan, nan, nan)",0,"(nan, nan)","(nan, nan, nan)",0,nan,0,"(nan, nan, nan)","(nan, nan, nan)",0,1698235745441
318824128,1214738835505,"(nan, nan)","(nan, nan, nan)",0,nan,0,"(nan, nan, nan)","(nan, nan, nan)",0,"(nan, nan)","(nan, nan, nan)",0,nan,0,"(nan, nan, nan)","(nan, nan, nan)",0,1698235745446
318835231,1214738846609,"(nan, nan)","(nan, nan, nan)",0,nan,0,"(nan, nan, nan)","(nan, nan, nan)",0,"(nan, nan)","(nan, nan, nan)",0,nan,0,"(nan, nan, nan)","(nan, nan, nan)",0,1698235745456
318846334,1214738857713,"(nan, nan)","(nan, nan, nan)",0,nan,0,"(nan, nan, nan)","(nan, nan, nan)",0,"(nan, nan)","(nan, nan, nan)",0,nan,0,"(nan, nan, nan)","(nan, nan, nan)",0,1698235745468
318857437,1214738868816,"(nan, nan)","(nan, nan, nan)",0,nan,0,"(nan, nan, nan)","(nan, nan, nan)",0,"(nan, nan)","(nan, nan, nan)",0,nan,0,"(nan, nan, nan)","(nan, nan, nan)",0,1698235745479
318868540,1214738879920,"(nan, nan)","(nan, nan, nan)",0,nan,0,"(nan, nan, nan)","(nan, nan, nan)",0,"(nan, nan)","(nan, nan, nan)",0,nan,0,"(nan, nan, nan)","(nan, nan, nan)",0,1698235745490
318879643,1214738891024,"(nan, nan)","(nan, nan, nan)",0,nan,0,"(nan, nan, nan)","(nan, nan, nan)",0,"(nan, nan)","(nan, nan, nan)",0,nan,0,"(nan, nan, nan)","(nan, nan, nan)",0,1698235745501
318890747,1214738902128,"(nan, nan)","(nan, nan, nan)",0,nan,0,"(nan, nan, nan)","(nan, nan, nan)",0,"(nan, nan)","(nan, nan, nan)",0,nan,0,"(nan, nan, nan)","(nan, nan, nan)",0,1698235745513
318901850,1214738913232,"(nan, nan)","(nan, nan, nan)",0,nan,0,"(nan, nan, nan)","(nan, nan, nan)",0,"(nan, nan)","(nan, nan, nan)",0,nan,0,"(nan, nan, nan)","(nan, nan, nan)",0,1698235745523
318912953,1214738924335,"(nan, nan)","(nan, nan, nan)",0,nan,0,"(nan, nan, nan)","(nan, nan, nan)",0,"(nan, nan)","(nan, nan, nan)",0,nan,0,"(nan, nan, nan)","(nan, nan, nan)",0,1698235745560
318924056,1214738935438,"(nan, nan)","(nan, nan, nan)",0,nan,0,"(nan, nan, nan)","(nan, nan, nan)",0,"(nan, nan)","(nan, nan, nan)",0,nan,0,"(nan, nan, nan)","(nan, nan, nan)",0,1698235745560
318935159,1214738946541,"(nan, nan)","(nan, nan, nan)",0,nan,0,"(nan, nan, nan)","(nan, nan, nan)",0,"(nan, nan)","(nan, nan, nan)",0,nan,0,"(nan, nan, nan)","(nan, nan, nan)",0,1698235745560
318946262,1214738957645,"(nan, nan)","(nan, nan, nan)",0,nan,0,"(nan, nan, nan)","(nan, nan, nan)",0,"(nan, nan)","(nan, nan, nan)",0,nan,0,"(nan, nan, nan)","(nan, nan, nan)",0,1698235745574
318957365,1214738968748,"(nan, nan)","(nan, nan, nan)",0,nan,0,"(nan, nan, nan)","(nan, nan, nan)",0,"(nan, nan)","(nan, nan, nan)",0,nan,0,"(nan, nan, nan)","(nan, nan, nan)",0,1698235745580
318968468,1214738979851,"(nan, nan)","(nan, nan, nan)",0,nan,0,"(nan, nan, nan)","(nan, nan, nan)",0,"(nan, nan)","(nan, nan, nan)",0,nan,0,"(nan, nan, nan)","(nan, nan, nan)",0,1698235745590
318979572,1214738990955,"(nan, nan)","(nan, nan, nan)",0,nan,0,"(nan, nan, nan)","(nan, nan, nan)",0,"(nan, nan)","(nan, nan, nan)",0,nan,0,"(nan, nan, nan)","(nan, nan, nan)",0,1698235745601
318990675,1214739002058,"(nan, nan)","(nan, nan, nan)",0,nan,0,"(nan, nan, nan)","(nan, nan, nan)",0,"(nan, nan)","(nan, nan, nan)",0,nan,0,"(nan, nan, nan)","(nan, nan, nan)",0,1698235745613
319001778,1214739013161,"(nan, nan)","(nan, nan, nan)",0,nan,0,"(nan, nan, nan)","(nan, nan, nan)",0,"(nan, nan)","(nan, nan, nan)",0,nan,0,"(nan, nan, nan)","(nan, nan, nan)",0,1698235745623
319012881,1214739024264,"(nan, nan)","(nan, nan, nan)",0,nan,0,"(nan, nan, nan)","(nan, nan, nan)",0,"(nan, nan)","(nan, nan, nan)",0,nan,0,"(nan, nan, nan)","(nan, nan, nan)",0,1698235745635
319023984,1214739035367,"(nan, nan)","(nan, nan, nan)",0,nan,0,"(nan, nan, nan)","(nan, nan, nan)",0,"(nan, nan)","(nan, nan, nan)",0,nan,0,"(nan, nan, nan)","(nan, nan, nan)",0,1698235745646
319035087,1214739046470,"(nan, nan)","(nan, nan, nan)",0,nan,0,"(nan, nan, nan)","(nan, nan, nan)",0,"(nan, nan)","(nan, nan, nan)",0,nan,0,"(nan, nan, nan)","(nan, nan, nan)",0,1698235745657
319046190,1214739057574,"(nan, nan)","(nan, nan, nan)",0,nan,0,"(nan, nan, nan)","(nan, nan, nan)",0,"(nan, nan)","(nan, nan, nan)",0,nan,0,"(nan, nan, nan)","(nan, nan, nan)",0,1698235745693
319057293,1214739068677,"(nan, nan)","(nan, nan, nan)",0,nan,0,"(nan, nan, nan)","(nan, nan, nan)",0,"(nan, nan)","(nan, nan, nan)",0,nan,0,"(nan, nan, nan)","(nan, nan, nan)",0,1698235745693
319068397,1214739079782,"(nan, nan)","(nan, nan, nan)",0,nan,0,"(nan, nan, nan)","(nan, nan, nan)",0,"(nan, nan)","(nan, nan, nan)",0,nan,0,"(nan, nan, nan)","(nan, nan, nan)",0,1698235745693
319079500,1214739090886,"(nan, nan)","(nan, nan, nan)",0,nan,0,"(nan, nan, nan)","(nan, nan, nan)",0,"(nan, nan)","(nan, nan, nan)",0,nan,0,"(nan, nan, nan)","(nan, nan, nan)",0,1698235745707
319090603,1214739101989,"(nan, nan)","(nan, nan, nan)",0,nan,0,"(nan, nan, nan)","(nan, nan, nan)",0,"(nan, nan)","(nan, nan, nan)",0,nan,0,"(nan, nan, nan)","(nan, nan, nan)",0,1698235745713
319101706,1214739113093,"(nan, nan)","(nan, nan, nan)",0,nan,0,"(nan, nan, nan)","(nan, nan, nan)",0,"(nan, nan)","(nan, nan, nan)",0,nan,0,"(nan, nan, nan)","(nan, nan, nan)",0,1698235745723
319112809,1214739124196,"(nan, nan)","(nan, nan, nan)",0,nan,0,"(nan, nan, nan)","(nan, nan, nan)",0,"(nan, nan)","(nan, nan, nan)",0,nan,0,"(nan, nan, nan)","(nan, nan, nan)",0,1698235745734
319123912,1214739135300,"(nan, nan)","(nan, nan, nan)",0,nan,0,"(nan, nan, nan)","(nan, nan, nan)",0,"(nan, nan)","(nan, nan, nan)",0,nan,0,"(nan, nan, nan)","(nan, nan, nan)",0,1698235745746
319135015,1214739146404,"(nan, nan)","(nan, nan, nan)",0,nan,0,"(nan, nan, nan)","(nan, nan, nan)",0,"(nan, nan)","(nan, nan, nan)",0,nan,0,"(nan, nan, nan)","(nan, nan, nan)",0,1698235745757
319146118,1214739157508,"(nan, nan)","(nan, nan, nan)",0,nan,0,"(nan, nan, nan)","(nan, nan, nan)",0,"(nan, nan)","(nan, nan, nan)",0,nan,0,"(nan, nan, nan)","(nan, nan, nan)",0,1698235745768
319157222,1214739168612,"(nan, nan)","(nan, nan, nan)",0,nan,0,"(nan, nan, nan)","(nan, nan, nan)",0,"(nan, nan)","(nan, nan, nan)",0,nan,0,"(nan, nan, nan)","(nan, nan, nan)",0,1698235745779
319168325,1214739179716,"(nan, nan)","(nan, nan, nan)",0,nan,0,"(nan, nan, nan)","(nan, nan, nan)",0,"(nan, nan)","(nan, nan, nan)",0,nan,0,"(nan, nan, nan)","(nan, nan, nan)",0,1698235745790
319179428,1214739190820,"(nan, nan)","(nan, nan, nan)",0,nan,0,"(nan, nan, nan)","(nan, nan, nan)",0,"(nan, nan)","(nan, nan, nan)",0,nan,0,"(nan, nan, nan)","(nan, nan, nan)",0,1698235745827
319190531,1214739201923,"(nan, nan)","(nan, nan, nan)",0,nan,0,"(nan, nan, nan)","(nan, nan, nan)",0,"(nan, nan)","(nan, nan, nan)",0,nan,0,"(nan, nan, nan)","(nan, nan, nan)",0,1698235745827
319201634,1214739213027,"(nan, nan)","(nan, nan, nan)",0,nan,0,"(nan, nan, nan)","(nan, nan, nan)",0,"(nan, nan)","(nan, nan, nan)",0,nan,0,"(nan, nan, nan)","(nan, nan, nan)",0,1698235745828
319212737,1214739224131,"(nan, nan)","(nan, nan, nan)",0,nan,0,"(nan, nan, nan)","(nan, nan, nan)",0,"(nan, nan)","(nan, nan, nan)",0,nan,0,"(nan, nan, nan)","(nan, nan, nan)",0,1698235745835
319223840,1214739235235,"(nan, nan)","(nan, nan, nan)",0,nan,0,"(nan, nan, nan)","(nan, nan, nan)",0,"(nan, nan)","(nan, nan, nan)",0,nan,0,"(nan, nan, nan)","(nan, nan, nan)",0,1698235745845
319234943,1214739246338,"(nan, nan)","(nan, nan, nan)",0,nan,0,"(nan, nan, nan)","(nan, nan, nan)",0,"(nan, nan)","(nan, nan, nan)",0,nan,0,"(nan, nan, nan)","(nan, nan, nan)",0,1698235745856
319246047,1214739257442,"(nan, nan)","(nan, nan, nan)",0,nan,0,"(nan, nan, nan)","(nan, nan, nan)",0,"(nan, nan)","(nan, nan, nan)",0,nan,0,"(nan, nan, nan)","(nan, nan, nan)",0,1698235745867
319257150,1214739268545,"(nan, nan)","(nan, nan, nan)",0,nan,0,"(nan, nan, nan)","(nan, nan, nan)",0,"(nan, nan)","(nan, nan, nan)",0,nan,0,"(nan, nan, nan)","(nan, nan, nan)",0,1698235745878
319268253,1214739279648,"(nan, nan)","(nan, nan, nan)",0,nan,0,"(nan, nan, nan)","(nan, nan, nan)",0,"(nan, nan)","(nan, nan, nan)",0,nan,0,"(nan, nan, nan)","(nan, nan, nan)",0,1698235745889
319279356,1214739290752,"(nan, nan)","(nan, nan, nan)",0,nan,0,"(nan, nan, nan)","(nan, nan, nan)",0,"(nan, nan)","(nan, nan, nan)",0,nan,0,"(nan, nan, nan)","(nan, nan, nan)",0,1698235745900
319290459,1214739301855,"(nan, nan)","(nan, nan, nan)",0,nan,0,"(nan, nan, nan)","(nan, nan, nan)",0,"(nan, nan)","(nan, nan, nan)",0,nan,0,"(nan, nan, nan)","(nan, nan, nan)",0,1698235745912
319301562,1214739312958,"(nan, nan)","(nan, nan, nan)",0,nan,0,"(nan, nan, nan)","(nan, nan, nan)",0,"(nan, nan)","(nan, nan, nan)",0,nan,0,"(nan, nan, nan)","(nan, nan, nan)",0,1698235745923
319312665,1214739324061,"(nan, nan)","(nan, nan, nan)",0,nan,0,"(nan, nan, nan)","(nan, nan, nan)",0,"(nan, nan)","(nan, nan, nan)",0,nan,0,"(nan, nan, nan)","(nan, nan, nan)",0,1698235745960
319323768,1214739335164,"(nan, nan)","(nan, nan, nan)",0,nan,0,"(nan, nan, nan)","(nan, nan, nan)",0,"(nan, nan)","(nan, nan, nan)",0,nan,0,"(nan, nan, nan)","(nan, nan, nan)",0,1698235745960
319334872,1214739346268,"(nan, nan)","(nan, nan, nan)",0,nan,0,"(nan, nan, nan)","(nan, nan, nan)",0,"(nan, nan)","(nan, nan, nan)",0,nan,0,"(nan, nan, nan)","(nan, nan, nan)",0,1698235745961
319345975,1214739357372,"(nan, nan)","(nan, nan, nan)",0,nan,0,"(nan, nan, nan)","(nan, nan, nan)",0,"(nan, nan)","(nan, nan, nan)",0,nan,0,"(nan, nan, nan)","(nan, nan, nan)",0,1698235745967
319357078,1214739368475,"(nan, nan)","(nan, nan, nan)",0,nan,0,"(nan, nan, nan)","(nan, nan, nan)",0,"(nan, nan)","(nan, nan, nan)",0,nan,0,"(nan, nan, nan)","(nan, nan, nan)",0,1698235745978
319368181,1214739379578,"(nan, nan)","(nan, nan, nan)",0,nan,0,"(nan, nan, nan)","(nan, nan, nan)",0,"(nan, nan)","(nan, nan, nan)",0,nan,0,"(nan, nan, nan)","(nan, nan, nan)",0,1698235745989
319379284,1214739390681,"(nan, nan)","(nan, nan, nan)",0,nan,0,"(nan, nan, nan)","(nan, nan, nan)",0,"(nan, nan)","(nan, nan, nan)",0,nan,0,"(nan, nan, nan)","(nan, nan, nan)",0,1698235746000
319390387,1214739401784,"(nan, nan)","(nan, nan, nan)",0,nan,0,"(nan, nan, nan)","(nan, nan, nan)",0,"(nan, nan)","(nan, nan, nan)",0,nan,0,"(nan, nan, nan)","(nan, nan, nan)",0,1698235746012
319401490,1214739412887,"(nan, nan)","(nan, nan, nan)",0,nan,0,"(nan, nan, nan)","(nan, nan, nan)",0,"(nan, nan)","(nan, nan, nan)",0,nan,0,"(nan, nan, nan)","(nan, nan, nan)",0,1698235746023
319412593,1214739423991,"(nan, nan)","(nan, nan, nan)",0,nan,0,"(nan, nan, nan)","(nan, nan, nan)",0,"(nan, nan)","(nan, nan, nan)",0,nan,0,"(nan, nan, nan)","(nan, nan, nan)",0,1698235746034
319423697,1214739435095,"(nan, nan)","(nan, nan, nan)",0,nan,0,"(nan, nan, nan)","(nan, nan, nan)",0,"(nan, nan)","(nan, nan, nan)",0,nan,0,"(nan, nan, nan)","(nan, nan, nan)",0,1698235746045
319434800,1214739446198,"(nan, nan)","(nan, nan, nan)",0,nan,0,"(nan, nan, nan)","(nan, nan, nan)",0,"(nan, nan)","(nan, nan, nan)",0,nan,0,"(nan, nan, nan)","(nan, nan, nan)",0,1698235746056
319445903,1214739457301,"(nan, nan)","(nan, nan, nan)",0,nan,0,"(nan, nan, nan)","(nan, nan, nan)",0,"(nan, nan)","(nan, nan, nan)",0,nan,0,"(nan, nan, nan)","(nan, nan, nan)",0,1698235746091
319457006,1214739468404,"(nan, nan)","(nan, nan, nan)",0,nan,0,"(nan, nan, nan)","(nan, nan, nan)",0,"(nan, nan)","(nan, nan, nan)",0,nan,0,"(nan, nan, nan)","(nan, nan, nan)",0,1698235746091
319468109,1214739479507,"(nan, nan)","(nan, nan, nan)",0,nan,0,"(nan, nan, nan)","(nan, nan, nan)",0,"(nan, nan)","(nan, nan, nan)",0,nan,0,"(nan, nan, nan)","(nan, nan, nan)",0,1698235746092
319479212,1214739490610,"(nan, nan)","(nan, nan, nan)",0,nan,0,"(nan, nan, nan)","(nan, nan, nan)",0,"(nan, nan)","(nan, nan, nan)",0,nan,0,"(nan, nan, nan)","(nan, nan, nan)",0,1698235746105
319490315,1214739501713,"(nan, nan)","(nan, nan, nan)",0,nan,0,"(nan, nan, nan)","(nan, nan, nan)",0,"(nan, nan)","(nan, nan, nan)",0,nan,0,"(nan, nan, nan)","(nan, nan, nan)",0,1698235746112
319501418,1214739512816,"(nan, nan)","(nan, nan, nan)",0,nan,0,"(nan, nan, nan)","(nan, nan, nan)",0,"(nan, nan)","(nan, nan, nan)",0,nan,0,"(nan, nan, nan)","(nan, nan, nan)",0,1698235746123
319512522,1214739523920,"(nan, nan)","(nan, nan, nan)",0,nan,0,"(nan, nan, nan)","(nan, nan, nan)",0,"(nan, nan)","(nan, nan, nan)",0,nan,0,"(nan, nan, nan)","(nan, nan, nan)",0,1698235746134
319523625,1214739535023,"(nan, nan)","(nan, nan, nan)",0,nan,0,"(nan, nan, nan)","(nan, nan, nan)",0,"(nan, nan)","(nan, nan, nan)",0,nan,0,"(nan, nan, nan)","(nan, nan, nan)",0,1698235746145
319534728,1214739546127,"(nan, nan)","(nan, nan, nan)",0,nan,0,"(nan, nan, nan)","(nan, nan, nan)",0,"(nan, nan)","(nan, nan, nan)",0,nan,0,"(nan, nan, nan)","(nan, nan, nan)",0,1698235746156
319545831,1214739557230,"(nan, nan)","(nan, nan, nan)",0,nan,0,"(nan, nan, nan)","(nan, nan, nan)",0,"(nan, nan)","(nan, nan, nan)",0,nan,0,"(nan, nan, nan)","(nan, nan, nan)",0,1698235746168
319556934,1214739568333,"(nan, nan)","(nan, nan, nan)",0,nan,0,"(nan, nan, nan)","(nan, nan, nan)",0,"(nan, nan)","(nan, nan, nan)",0,nan,0,"(nan, nan, nan)","(nan, nan, nan)",0,1698235746179
319568037,1214739579436,"(nan, nan)","(nan, nan, nan)",0,nan,0,"(nan, nan, nan)","(nan, nan, nan)",0,"(nan, nan)","(nan, nan, nan)",0,nan,0,"(nan, nan, nan)","(nan, nan, nan)",0,1698235746214
319579140,1214739590539,"(nan, nan)","(nan, nan, nan)",0,nan,0,"(nan, nan, nan)","(nan, nan, nan)",0,"(nan, nan)","(nan, nan, nan)",0,nan,0,"(nan, nan, nan)","(nan, nan, nan)",0,1698235746214
319590243,1214739601642,"(nan, nan)","(nan, nan, nan)",0,nan,0,"(nan, nan, nan)","(nan, nan, nan)",0,"(nan, nan)","(nan, nan, nan)",0,nan,0,"(nan, nan, nan)","(nan, nan, nan)",0,1698235746214
319601347,1214739612746,"(nan, nan)","(nan, nan, nan)",0,nan,0,"(nan, nan, nan)","(nan, nan, nan)",0,"(nan, nan)","(nan, nan, nan)",0,nan,0,"(nan, nan, nan)","(nan, nan, nan)",0,1698235746230
319612450,1214739623849,"(nan, nan)","(nan, nan, nan)",0,nan,0,"(nan, nan, nan)","(nan, nan, nan)",0,"(nan, nan)","(nan, nan, nan)",0,nan,0,"(nan, nan, nan)","(nan, nan, nan)",0,1698235746234
319623553,1214739634953,"(nan, nan)","(nan, nan, nan)",0,nan,0,"(nan, nan, nan)","(nan, nan, nan)",0,"(nan, nan)","(nan, nan, nan)",0,nan,0,"(nan, nan, nan)","(nan, nan, nan)",0,1698235746244
319634656,1214739646056,"(nan, nan)","(nan, nan, nan)",0,nan,0,"(nan, nan, nan)","(nan, nan, nan)",0,"(nan, nan)","(nan, nan, nan)",0,nan,0,"(nan, nan, nan)","(nan, nan, nan)",0,1698235746262
